Id,START,STOP,PATIENT,ENCOUNTER,CODE,DESCRIPTION,REASONCODE,REASONDESCRIPTION
45dff467-def6-2132-a079-36b32f428d1c,2006-01-14,,45dff467-def6-2132-a03a-5950e203b5c8,45dff467-def6-2132-4c1b-fd91dc11097b,735985000,Diabetes self management plan (record artifact),714628002,Prediabetes (finding)
41e3b05f-43dc-a488-1abb-881a3bc814d5,1983-10-30,,41e3b05f-43dc-a488-c593-d14d479b9091,41e3b05f-43dc-a488-df0c-19a571147338,735985000,Diabetes self management plan (record artifact),714628002,Prediabetes (finding)
45dff467-def6-2132-0580-10704424036e,2018-07-24,2018-08-25,45dff467-def6-2132-a03a-5950e203b5c8,45dff467-def6-2132-9201-f81c66d04601,773513001,Physiotherapy care plan (record artifact),44465007,Sprain of ankle (disorder)
45dff467-def6-2132-1d62-ddf942543a01,2021-05-02,2021-07-13,45dff467-def6-2132-a03a-5950e203b5c8,45dff467-def6-2132-8385-02513fda712b,47387005,Head injury rehabilitation (regime/therapy),62106007,Concussion with no loss of consciousness (disorder)
45dff467-def6-2132-0b5d-bb26d390ef1b,2023-08-23,2023-09-01,45dff467-def6-2132-a03a-5950e203b5c8,45dff467-def6-2132-e141-c36e388e1fd2,53950000,Respiratory therapy (procedure),,
41e3b05f-43dc-a488-013e-b735caee65a2,2016-09-24,2017-01-01,41e3b05f-43dc-a488-c593-d14d479b9091,41e3b05f-43dc-a488-d4c9-127a3f260878,53950000,Respiratory therapy (procedure),,
41e3b05f-43dc-a488-3f53-17c749d6e41d,2018-02-17,2018-03-08,41e3b05f-43dc-a488-c593-d14d479b9091,41e3b05f-43dc-a488-69b4-f052bb920ab8,225358003,Wound care (regime/therapy),283371005,Laceration of forearm (disorder)
0bdb38c0-fe9f-f2dd-d5d1-4ada8f27faa2,2005-10-06,,0bdb38c0-fe9f-f2dd-f7e0-0ba7eddb4738,0bdb38c0-fe9f-f2dd-4da5-cce95644889f,408869004,Musculoskeletal care (regime/therapy),201834006,Localized  primary osteoarthritis of the hand (disorder)
0bdb38c0-fe9f-f2dd-7f05-a8df92b0f336,2008-11-17,,0bdb38c0-fe9f-f2dd-f7e0-0ba7eddb4738,0bdb38c0-fe9f-f2dd-0c82-ba7921d78ae8,734163000,Care plan (record artifact),60234000,Aortic valve regurgitation (disorder)
0bdb38c0-fe9f-f2dd-fe07-96f652034fce,2017-12-15,2017-12-30,0bdb38c0-fe9f-f2dd-f7e0-0ba7eddb4738,0bdb38c0-fe9f-f2dd-6158-35b2db582b29,225358003,Wound care (regime/therapy),284549007,Laceration of hand (disorder)
0bdb38c0-fe9f-f2dd-9375-485e794a7d3c,2023-01-01,2023-01-05,0bdb38c0-fe9f-f2dd-f7e0-0ba7eddb4738,0bdb38c0-fe9f-f2dd-5a1f-b14c84ccae1b,735321000,Surgical inpatient care plan (record artifact),1231000119100,History of aortic valve replacement (situation)
0bdb38c0-fe9f-f2dd-7af5-9979457f4735,2023-01-05,,0bdb38c0-fe9f-f2dd-f7e0-0ba7eddb4738,0bdb38c0-fe9f-f2dd-60b7-7c4e0db8f78a,736372004,Discharge care plan (record artifact),1231000119100,History of aortic valve replacement (situation)
092055e1-eb28-57d2-e655-486abcb82658,2017-07-11,2017-08-01,092055e1-eb28-57d2-d914-ab03727a4ebc,092055e1-eb28-57d2-305d-4bc515179b77,225358003,Wound care (regime/therapy),283371005,Laceration of forearm (disorder)
092055e1-eb28-57d2-9627-c494e57115b4,2018-11-19,2019-07-08,092055e1-eb28-57d2-d914-ab03727a4ebc,092055e1-eb28-57d2-2e48-39c33366f101,53950000,Respiratory therapy (procedure),,
a35dfed8-3039-7d94-a753-772341803247,2022-01-30,,a35dfed8-3039-7d94-313c-e27944ec65f7,a35dfed8-3039-7d94-cd3d-1a2d8de98768,384758001,Self-care interventions (procedure),,
a01df3b5-e092-96a4-b662-590d4b176be6,2025-01-22,2025-02-08,a01df3b5-e092-96a4-76ce-8fa15c22dfb1,a01df3b5-e092-96a4-c431-4c0f270082d5,773513001,Physiotherapy care plan (record artifact),70704007,Sprain of wrist (disorder)
ac666eef-e0c1-87b3-828f-5ac2b6b03559,2003-06-17,,ac666eef-e0c1-87b3-b884-fd453ac848a6,ac666eef-e0c1-87b3-091d-76d4a3107327,443402002,Lifestyle education regarding hypertension (procedure),59621000,Essential hypertension (disorder)
ac666eef-e0c1-87b3-3dae-4f2fe3e15e86,2020-09-29,2020-09-29,ac666eef-e0c1-87b3-b884-fd453ac848a6,ac666eef-e0c1-87b3-ea5b-343b05f986d7,736376001,Infectious disease care plan (record artifact),,
ac666eef-e0c1-87b3-475e-bd78f61f8c00,2020-09-29,2020-10-29,ac666eef-e0c1-87b3-b884-fd453ac848a6,ac666eef-e0c1-87b3-ea5b-343b05f986d7,736376001,Infectious disease care plan (record artifact),,
1417b6d1-0e62-8a5e-ea7b-80aae59cedd5,1965-06-23,,1417b6d1-0e62-8a5e-f21c-c5936de60036,1417b6d1-0e62-8a5e-6a1d-524979a0ddd9,384758001,Self-care interventions (procedure),,
1417b6d1-0e62-8a5e-5c6b-a2a2e3693908,1977-02-02,,1417b6d1-0e62-8a5e-f21c-c5936de60036,1417b6d1-0e62-8a5e-b138-c3bcbfe43c1c,718361005,Weight management program (regime/therapy),,
1417b6d1-0e62-8a5e-e49a-544d317b1dad,1998-03-25,,1417b6d1-0e62-8a5e-f21c-c5936de60036,1417b6d1-0e62-8a5e-6a80-87a4d4ea98f1,735985000,Diabetes self management plan (record artifact),714628002,Prediabetes (finding)
1417b6d1-0e62-8a5e-cd33-eb11fd329c63,1999-04-11,,1417b6d1-0e62-8a5e-f21c-c5936de60036,1417b6d1-0e62-8a5e-53d6-562ad08c9481,734163000,Care plan (record artifact),,
1417b6d1-0e62-8a5e-9797-870ed360b19a,2018-01-17,2018-02-07,1417b6d1-0e62-8a5e-f21c-c5936de60036,1417b6d1-0e62-8a5e-7465-0aea7771c4ba,53950000,Respiratory therapy (procedure),,
1417b6d1-0e62-8a5e-12d8-84bca44b4d8b,2020-07-16,2020-07-16,1417b6d1-0e62-8a5e-f21c-c5936de60036,1417b6d1-0e62-8a5e-bd9d-e42b6cfc2e48,736376001,Infectious disease care plan (record artifact),,
1417b6d1-0e62-8a5e-5ea5-f4cfdca986df,2020-07-16,2020-08-07,1417b6d1-0e62-8a5e-f21c-c5936de60036,1417b6d1-0e62-8a5e-bd9d-e42b6cfc2e48,736376001,Infectious disease care plan (record artifact),,
1417b6d1-0e62-8a5e-6e57-44f6432cffbe,2021-05-11,,1417b6d1-0e62-8a5e-f21c-c5936de60036,1417b6d1-0e62-8a5e-b60f-1e355e3737cb,736252007,Cancer care plan (record artifact),363406005,Malignant neoplasm of colon (disorder)
1417b6d1-0e62-8a5e-8e93-ba70554bfb0f,2021-05-20,2021-06-14,1417b6d1-0e62-8a5e-f21c-c5936de60036,1417b6d1-0e62-8a5e-9d1e-1977e1ebb0da,737567002,Major surgery care management (procedure),363406005,Malignant neoplasm of colon (disorder)
1417b6d1-0e62-8a5e-5bd4-a089c8017081,2024-11-05,2024-11-12,1417b6d1-0e62-8a5e-f21c-c5936de60036,1417b6d1-0e62-8a5e-d359-5cbbde6307b9,53950000,Respiratory therapy (procedure),,
183aae24-99b3-bade-04fe-6044eeb224e9,2016-09-11,2016-10-04,183aae24-99b3-bade-3f96-2ef5a4631d9c,183aae24-99b3-bade-b7ff-979d3fc5b7f0,225358003,Wound care (regime/therapy),283385000,Laceration of thigh (disorder)
183aae24-99b3-bade-15ce-8f2ab9a6e292,2019-11-10,2020-06-14,183aae24-99b3-bade-3f96-2ef5a4631d9c,183aae24-99b3-bade-60ba-72196b52fbee,134435003,Routine antenatal care (regime/therapy),,
183aae24-99b3-bade-8097-c04355f39e12,2020-11-15,2021-06-20,183aae24-99b3-bade-3f96-2ef5a4631d9c,183aae24-99b3-bade-34af-319cffe3a0a6,134435003,Routine antenatal care (regime/therapy),,
183aae24-99b3-bade-4641-948019e3d84e,2025-01-05,,183aae24-99b3-bade-3f96-2ef5a4631d9c,183aae24-99b3-bade-9f0d-4bba5c82a17a,735985000,Diabetes self management plan (record artifact),714628002,Prediabetes (finding)
c5dd81ca-1b9c-7562-7764-91f7f966355a,2011-11-16,,c5dd81ca-1b9c-7562-6203-70d862ef3f33,c5dd81ca-1b9c-7562-3bac-985833f24803,384758001,Self-care interventions (procedure),,
c5dd81ca-1b9c-7562-7b26-7af6cdd8aaf3,2014-01-20,,c5dd81ca-1b9c-7562-6203-70d862ef3f33,c5dd81ca-1b9c-7562-164b-7e5ea31eff10,699728000,Asthma self management (regime/therapy),233678006,Childhood asthma (disorder)
c5dd81ca-1b9c-7562-9101-ec9270f87562,2016-04-23,2016-07-24,c5dd81ca-1b9c-7562-6203-70d862ef3f33,c5dd81ca-1b9c-7562-b190-d81d46f6a2d1,47387005,Head injury rehabilitation (regime/therapy),62564004,Concussion with loss of consciousness (disorder)
c5dd81ca-1b9c-7562-9083-b1b6661bdf11,2017-06-10,,c5dd81ca-1b9c-7562-6203-70d862ef3f33,c5dd81ca-1b9c-7562-d4d8-21a0a5eb6ccf,386522008,Overactivity/inattention behavior management (regime/therapy),,
c5dd81ca-1b9c-7562-6bdd-01484945360a,2022-07-03,2022-08-13,c5dd81ca-1b9c-7562-6203-70d862ef3f33,c5dd81ca-1b9c-7562-773f-bad042d28ff1,133901003,Burn care (regime/therapy),403190006,Epidermal burn of skin (disorder)
c5dd81ca-1b9c-7562-5822-c64c37364842,2022-10-02,,c5dd81ca-1b9c-7562-6203-70d862ef3f33,c5dd81ca-1b9c-7562-b476-cb45fa1d6eff,170836005,Allergic disorder monitoring (regime/therapy),,
c5dd81ca-1b9c-7562-231c-2819caa41cd9,2025-08-03,2025-08-24,c5dd81ca-1b9c-7562-6203-70d862ef3f33,c5dd81ca-1b9c-7562-26c4-6d9da4308455,225358003,Wound care (regime/therapy),284549007,Laceration of hand (disorder)
c6111dd2-5730-d2a4-e240-34a6424741bd,1974-11-23,,c6111dd2-5730-d2a4-9165-fb5aca475be4,c6111dd2-5730-d2a4-cc74-4f4e93598d86,736283006,Chronic obstructive pulmonary disease clinical management plan (record artifact),185086009,Chronic obstructive bronchitis (disorder)
c6111dd2-5730-d2a4-0b6b-b4103aca013f,1988-01-30,1988-10-29,c6111dd2-5730-d2a4-9165-fb5aca475be4,c6111dd2-5730-d2a4-fb3f-b349469bb44c,53950000,Respiratory therapy (procedure),,
922118ba-e9c1-e63d-4eeb-eac2644d18ea,2018-03-25,2018-05-19,922118ba-e9c1-e63d-c63c-1ea0d8e73b40,922118ba-e9c1-e63d-21ab-98e43b1d5ec8,773513001,Physiotherapy care plan (record artifact),444470001,Injury of anterior cruciate ligament (disorder)
922118ba-e9c1-e63d-0a13-406699bab5e1,2022-08-20,2023-03-01,922118ba-e9c1-e63d-c63c-1ea0d8e73b40,922118ba-e9c1-e63d-ae03-fa86cd1caf74,53950000,Respiratory therapy (procedure),,
31138316-2dc2-c809-7f5d-aa57044c66e3,2018-03-18,,31138316-2dc2-c809-21e4-9f097666a14a,31138316-2dc2-c809-6d97-b8f204908dce,735985000,Diabetes self management plan (record artifact),714628002,Prediabetes (finding)
30ed6975-6196-d44b-887d-a2787ff15041,1999-08-31,,30ed6975-6196-d44b-7b36-009d81d2c155,30ed6975-6196-d44b-b1f2-eddee0696abe,734163000,Care plan (record artifact),,
30ed6975-6196-d44b-892e-4f50bf6787e7,2019-02-06,,30ed6975-6196-d44b-7b36-009d81d2c155,30ed6975-6196-d44b-73b4-111345e4a58a,735985000,Diabetes self management plan (record artifact),714628002,Prediabetes (finding)
30ed6975-6196-d44b-9986-ce036b757a0a,2023-05-29,,30ed6975-6196-d44b-7b36-009d81d2c155,30ed6975-6196-d44b-7ecd-9adbf33c3eef,735984001,Heart failure self management plan (record artifact),88805009,Chronic congestive heart failure (disorder)
30ed6975-6196-d44b-5237-d7044e33e384,2023-11-25,2023-11-28,30ed6975-6196-d44b-7b36-009d81d2c155,30ed6975-6196-d44b-0908-ad5766add095,736353004,Inpatient care plan (record artifact),88805009,Chronic congestive heart failure (disorder)
30ed6975-6196-d44b-3111-c30534834dc8,2024-12-11,2024-12-12,30ed6975-6196-d44b-7b36-009d81d2c155,30ed6975-6196-d44b-5d92-380e7d6783e3,736353004,Inpatient care plan (record artifact),88805009,Chronic congestive heart failure (disorder)
b55cd669-99dc-ad42-bb0c-c389506e6fae,1993-03-15,,b55cd669-99dc-ad42-5ec6-04e96407217f,b55cd669-99dc-ad42-01e6-5b8699bc53c0,384758001,Self-care interventions (procedure),,
b55cd669-99dc-ad42-7060-8a9b627d5db8,2000-04-01,,b55cd669-99dc-ad42-5ec6-04e96407217f,b55cd669-99dc-ad42-b4e1-055b5572a4fe,735985000,Diabetes self management plan (record artifact),714628002,Prediabetes (finding)
b55cd669-99dc-ad42-93c2-9799d8902069,2020-08-13,2021-01-30,b55cd669-99dc-ad42-5ec6-04e96407217f,b55cd669-99dc-ad42-6c04-e443fe5d7ca8,53950000,Respiratory therapy (procedure),,
b55cd669-99dc-ad42-924d-28e6a803fa5e,2020-12-04,2020-12-04,b55cd669-99dc-ad42-5ec6-04e96407217f,b55cd669-99dc-ad42-81a5-be14de61d0bf,736376001,Infectious disease care plan (record artifact),,
b55cd669-99dc-ad42-1431-003695002e02,2020-12-04,2021-01-08,b55cd669-99dc-ad42-5ec6-04e96407217f,b55cd669-99dc-ad42-81a5-be14de61d0bf,736376001,Infectious disease care plan (record artifact),,
a78ed2b6-781f-4b15-7e33-c394399c45e2,2022-10-04,2023-01-03,a78ed2b6-781f-4b15-5144-72456138adb8,a78ed2b6-781f-4b15-29ab-1277b50e5620,53950000,Respiratory therapy (procedure),,
a78ed2b6-781f-4b15-70e5-a86dd5d33951,2025-11-14,,a78ed2b6-781f-4b15-5144-72456138adb8,a78ed2b6-781f-4b15-5e48-6286af6f34cf,385691007,Fracture care (regime/therapy),263102004,Fracture subluxation of wrist (disorder)
e0c71b1d-2d27-a932-c16e-30f78e790e72,2022-09-14,2022-10-11,e0c71b1d-2d27-a932-4d0d-8c1ebd658912,e0c71b1d-2d27-a932-be3c-20bdb7fc08de,133901003,Burn care (regime/therapy),403190006,Epidermal burn of skin (disorder)
e0c71b1d-2d27-a932-f39f-3656498d9269,2024-01-15,,e0c71b1d-2d27-a932-4d0d-8c1ebd658912,e0c71b1d-2d27-a932-8efd-900df8e83b95,386522008,Overactivity/inattention behavior management (regime/therapy),,
ddfd836c-36a9-c784-3023-4bc75586a02e,2020-07-29,2020-08-19,ddfd836c-36a9-c784-8ce6-ca9862538da3,ddfd836c-36a9-c784-39ae-a7f69befb79f,773513001,Physiotherapy care plan (record artifact),44465007,Sprain of ankle (disorder)
f1d449d4-11d9-b3bd-f68a-26415e74efe2,1950-09-02,,f1d449d4-11d9-b3bd-8822-ff860783ce51,f1d449d4-11d9-b3bd-f7bf-8318e0e0c790,384758001,Self-care interventions (procedure),,
f1d449d4-11d9-b3bd-cfd4-b06b4fe8ffdb,1982-07-03,,f1d449d4-11d9-b3bd-8822-ff860783ce51,f1d449d4-11d9-b3bd-eaf4-663fbf6dad58,443402002,Lifestyle education regarding hypertension (procedure),59621000,Essential hypertension (disorder)
f1d449d4-11d9-b3bd-b1f0-80246963f8af,1983-07-16,,f1d449d4-11d9-b3bd-8822-ff860783ce51,f1d449d4-11d9-b3bd-58be-294f1a9c889d,735985000,Diabetes self management plan (record artifact),714628002,Prediabetes (finding)
f1d449d4-11d9-b3bd-6a01-b3246b3603fa,1993-06-22,,f1d449d4-11d9-b3bd-8822-ff860783ce51,f1d449d4-11d9-b3bd-dc93-aec9e7028915,736690008,Dialysis care plan (record artifact),,
f1d449d4-11d9-b3bd-1d05-4be7847750df,1999-09-11,,f1d449d4-11d9-b3bd-8822-ff860783ce51,f1d449d4-11d9-b3bd-6783-c48db421a759,734163000,Care plan (record artifact),,
e43e8a0d-7464-6d49-57e6-eb2d46c25b4c,2016-12-25,2017-01-19,e43e8a0d-7464-6d49-6699-4dc5c5456ef2,e43e8a0d-7464-6d49-5a65-9a087c0897f3,773513001,Physiotherapy care plan (record artifact),70704007,Sprain of wrist (disorder)
e43e8a0d-7464-6d49-2caf-4906aaa73825,2017-02-14,2017-10-07,e43e8a0d-7464-6d49-6699-4dc5c5456ef2,e43e8a0d-7464-6d49-43c1-685dec9b29f3,53950000,Respiratory therapy (procedure),,
e43e8a0d-7464-6d49-5cdf-74fb57a02c70,2020-11-07,2021-10-30,e43e8a0d-7464-6d49-6699-4dc5c5456ef2,e43e8a0d-7464-6d49-0dbb-47c01a657297,53950000,Respiratory therapy (procedure),,
95c62760-a537-9488-81fa-bc47f61723ae,2011-05-22,,95c62760-a537-9488-77c2-a7444d8dc655,95c62760-a537-9488-cc77-020f773a5e2a,384758001,Self-care interventions (procedure),,
95c62760-a537-9488-5e4a-61132fe5b80e,2020-05-27,2020-08-16,95c62760-a537-9488-77c2-a7444d8dc655,95c62760-a537-9488-e347-5234acad21d8,47387005,Head injury rehabilitation (regime/therapy),62564004,Concussion with loss of consciousness (disorder)
95c62760-a537-9488-adc5-99883d35c666,2022-09-04,2023-08-20,95c62760-a537-9488-77c2-a7444d8dc655,95c62760-a537-9488-1020-bb0f4b085761,53950000,Respiratory therapy (procedure),,
95c62760-a537-9488-744a-acfe2ff3c9bb,2023-07-30,,95c62760-a537-9488-77c2-a7444d8dc655,95c62760-a537-9488-b400-75d111136160,170836005,Allergic disorder monitoring (regime/therapy),,
95c62760-a537-9488-7ddc-a34e031a04c5,2023-10-20,2023-11-22,95c62760-a537-9488-77c2-a7444d8dc655,95c62760-a537-9488-9761-26661580fcee,773513001,Physiotherapy care plan (record artifact),44465007,Sprain of ankle (disorder)
95c62760-a537-9488-6902-aa5fa79485a1,2024-06-30,2024-08-25,95c62760-a537-9488-77c2-a7444d8dc655,95c62760-a537-9488-1d11-6aad0b9b3015,53950000,Respiratory therapy (procedure),,
95c62760-a537-9488-b46f-28c0c00aca8c,2025-02-23,2025-03-03,95c62760-a537-9488-77c2-a7444d8dc655,95c62760-a537-9488-96e5-7409b6a81508,53950000,Respiratory therapy (procedure),,
4f409d5e-b0ca-87b7-0a05-22a1ccbda723,1990-03-01,,4f409d5e-b0ca-87b7-8a38-e20ea573e66c,4f409d5e-b0ca-87b7-6ab6-3c43faee85d4,718361005,Weight management program (regime/therapy),,
4f409d5e-b0ca-87b7-6b38-3f32400051f3,2006-04-20,,4f409d5e-b0ca-87b7-8a38-e20ea573e66c,4f409d5e-b0ca-87b7-6ca3-6c281c66c628,735985000,Diabetes self management plan (record artifact),714628002,Prediabetes (finding)
4f409d5e-b0ca-87b7-0047-563612e44b41,2017-06-11,,4f409d5e-b0ca-87b7-8a38-e20ea573e66c,4f409d5e-b0ca-87b7-770e-5fe27c77356b,408869004,Musculoskeletal care (regime/therapy),239873007,Osteoarthritis of knee (disorder)
4f409d5e-b0ca-87b7-83b6-c9b4e0d14649,2022-02-17,2024-03-07,4f409d5e-b0ca-87b7-8a38-e20ea573e66c,4f409d5e-b0ca-87b7-fdc0-fae0a3f608ae,53950000,Respiratory therapy (procedure),,
2a7454d4-6b6d-bb33-0870-86fe7ae2ab24,2014-04-05,,2a7454d4-6b6d-bb33-d2f7-d4ab886d6012,2a7454d4-6b6d-bb33-a920-4bdf2bd84667,384758001,Self-care interventions (procedure),,
2a7454d4-6b6d-bb33-bddb-69b7b5d76b7d,2018-06-27,,2a7454d4-6b6d-bb33-d2f7-d4ab886d6012,2a7454d4-6b6d-bb33-e8a5-113e4c984d3e,699728000,Asthma self management (regime/therapy),233678006,Childhood asthma (disorder)
2a7454d4-6b6d-bb33-e969-2e8a622b22d5,2019-01-10,2019-09-19,2a7454d4-6b6d-bb33-d2f7-d4ab886d6012,2a7454d4-6b6d-bb33-2d80-fe0f0d82f48d,53950000,Respiratory therapy (procedure),,
56eef2db-fd4c-8c55-d804-12d89642aa2a,2004-07-06,,56eef2db-fd4c-8c55-3346-5b9be2ba2e24,56eef2db-fd4c-8c55-a080-6920c0d60d55,443402002,Lifestyle education regarding hypertension (procedure),59621000,Essential hypertension (disorder)
56eef2db-fd4c-8c55-aa96-47772197f0fc,2004-07-06,,56eef2db-fd4c-8c55-3346-5b9be2ba2e24,56eef2db-fd4c-8c55-a080-6920c0d60d55,735985000,Diabetes self management plan (record artifact),44054006,Diabetes mellitus type 2 (disorder)
56eef2db-fd4c-8c55-f9d3-9a48557b63ff,2007-08-18,,56eef2db-fd4c-8c55-3346-5b9be2ba2e24,56eef2db-fd4c-8c55-d515-628eedd49809,408869004,Musculoskeletal care (regime/therapy),201834006,Localized  primary osteoarthritis of the hand (disorder)
56eef2db-fd4c-8c55-ac1d-0060e37027ea,2025-04-23,,56eef2db-fd4c-8c55-3346-5b9be2ba2e24,56eef2db-fd4c-8c55-be57-f89cfe8202c0,736372004,Discharge care plan (record artifact),,
059c2ab5-9ea4-872e-a8c5-a0162639eda9,1970-10-04,,059c2ab5-9ea4-872e-63ec-455be9b6956b,059c2ab5-9ea4-872e-40c0-448eac8b8bb7,384758001,Self-care interventions (procedure),,
059c2ab5-9ea4-872e-10cf-74c81b6724c0,1990-03-21,,059c2ab5-9ea4-872e-63ec-455be9b6956b,059c2ab5-9ea4-872e-043a-92a5070e0223,735985000,Diabetes self management plan (record artifact),714628002,Prediabetes (finding)
059c2ab5-9ea4-872e-eb7c-4745dc901c5a,2021-03-20,2021-04-14,059c2ab5-9ea4-872e-63ec-455be9b6956b,059c2ab5-9ea4-872e-427b-0abaa8234007,225358003,Wound care (regime/therapy),284549007,Laceration of hand (disorder)
059c2ab5-9ea4-872e-2003-396185562c1a,2025-04-02,2025-04-28,059c2ab5-9ea4-872e-63ec-455be9b6956b,059c2ab5-9ea4-872e-6b2b-aa3a6812055e,773513001,Physiotherapy care plan (record artifact),44465007,Sprain of ankle (disorder)
473282d3-65db-fb8e-a0d6-384542e743a9,1990-09-03,,473282d3-65db-fb8e-9913-af83bbf2595f,473282d3-65db-fb8e-043f-ee22ffdc488c,384758001,Self-care interventions (procedure),,
473282d3-65db-fb8e-727a-f67cd8b85caf,2015-10-24,2016-05-28,473282d3-65db-fb8e-9913-af83bbf2595f,473282d3-65db-fb8e-a2f6-8f0ffade74fb,134435003,Routine antenatal care (regime/therapy),,
473282d3-65db-fb8e-ed43-38a50a89ddc0,2017-08-11,2017-09-22,473282d3-65db-fb8e-9913-af83bbf2595f,473282d3-65db-fb8e-85cf-639f4550e563,408869004,Musculoskeletal care (regime/therapy),,
473282d3-65db-fb8e-f958-2fb1ed2f049e,2021-08-29,2021-08-29,473282d3-65db-fb8e-9913-af83bbf2595f,473282d3-65db-fb8e-dce8-58e58d02bbb0,736376001,Infectious disease care plan (record artifact),,
473282d3-65db-fb8e-dde0-24e46a0d53ee,2021-08-29,2021-10-01,473282d3-65db-fb8e-9913-af83bbf2595f,473282d3-65db-fb8e-dce8-58e58d02bbb0,736376001,Infectious disease care plan (record artifact),,
473282d3-65db-fb8e-0ca1-0467fb8b17a0,2023-10-21,,473282d3-65db-fb8e-9913-af83bbf2595f,473282d3-65db-fb8e-c725-3269ae555523,443402002,Lifestyle education regarding hypertension (procedure),59621000,Essential hypertension (disorder)
473282d3-65db-fb8e-4113-0ef210aaa62c,2023-11-11,2024-05-25,473282d3-65db-fb8e-9913-af83bbf2595f,473282d3-65db-fb8e-b271-7821dc3ff144,134435003,Routine antenatal care (regime/therapy),,
473282d3-65db-fb8e-3505-ae9fa5166cae,2024-08-26,,473282d3-65db-fb8e-9913-af83bbf2595f,473282d3-65db-fb8e-168f-916d20e53c77,734163000,Care plan (record artifact),78275009,Obstructive sleep apnea syndrome (disorder)
3f3c4fb3-c95a-58a8-a5c8-679b02067226,2016-04-24,2016-06-19,3f3c4fb3-c95a-58a8-72a7-acc2b0af61f5,3f3c4fb3-c95a-58a8-4782-b181a915f569,276239002,Therapy (regime/therapy),,
3f3c4fb3-c95a-58a8-3a93-5eec9109cbbc,2018-11-16,2019-01-01,3f3c4fb3-c95a-58a8-72a7-acc2b0af61f5,3f3c4fb3-c95a-58a8-fbae-0d54e560ebc8,408869004,Musculoskeletal care (regime/therapy),,
89fb9e68-041b-6c26-9546-330d16282e75,2000-05-13,,89fb9e68-041b-6c26-6d4f-d1010eda3c09,89fb9e68-041b-6c26-7939-c1ec053c3d85,384758001,Self-care interventions (procedure),,
89fb9e68-041b-6c26-0c04-db722646c24a,2015-11-18,2015-12-24,89fb9e68-041b-6c26-6d4f-d1010eda3c09,89fb9e68-041b-6c26-4e37-a95203dc6d72,225358003,Wound care (regime/therapy),,
89fb9e68-041b-6c26-a69c-43d431986ee5,2019-08-04,2022-08-21,89fb9e68-041b-6c26-6d4f-d1010eda3c09,89fb9e68-041b-6c26-e599-1623b71777d5,134435003,Routine antenatal care (regime/therapy),,
89fb9e68-041b-6c26-125f-f4401a5be1f5,2024-08-25,2025-04-13,89fb9e68-041b-6c26-6d4f-d1010eda3c09,89fb9e68-041b-6c26-1373-70d7e54c5499,134435003,Routine antenatal care (regime/therapy),,
10ee849d-1ca2-9c74-0793-bccfba7016d1,1993-05-31,,10ee849d-1ca2-9c74-a6a3-1c67d808ab94,10ee849d-1ca2-9c74-dd14-d786fb410340,735985000,Diabetes self management plan (record artifact),714628002,Prediabetes (finding)
10ee849d-1ca2-9c74-e582-e4bc644fde8c,2021-01-06,2021-01-06,10ee849d-1ca2-9c74-a6a3-1c67d808ab94,10ee849d-1ca2-9c74-788b-866fe1f2b730,736376001,Infectious disease care plan (record artifact),,
10ee849d-1ca2-9c74-8db3-47b149e00689,2022-04-25,,10ee849d-1ca2-9c74-a6a3-1c67d808ab94,10ee849d-1ca2-9c74-8a53-664649490564,736285004,Hyperlipidemia clinical management plan (record artifact),55822004,Hyperlipidemia (disorder)
d00420ac-9a07-66dc-4595-54e2b07279cc,2015-11-02,,d00420ac-9a07-66dc-ee93-d2e3e9bbf23e,d00420ac-9a07-66dc-812d-72af6998e08f,384758001,Self-care interventions (procedure),,
d00420ac-9a07-66dc-0bcf-7b29a1bd7389,2015-12-26,2016-01-02,d00420ac-9a07-66dc-ee93-d2e3e9bbf23e,d00420ac-9a07-66dc-1079-3eb6123976cb,53950000,Respiratory therapy (procedure),,
d00420ac-9a07-66dc-c0bc-e6b96c03818f,2017-11-16,,d00420ac-9a07-66dc-ee93-d2e3e9bbf23e,d00420ac-9a07-66dc-76ba-626aa23647d5,699728000,Asthma self management (regime/therapy),233678006,Childhood asthma (disorder)
d00420ac-9a07-66dc-f1d4-a3c035ffa5a2,2023-09-24,2023-10-11,d00420ac-9a07-66dc-ee93-d2e3e9bbf23e,d00420ac-9a07-66dc-f9c9-618c084f517d,53950000,Respiratory therapy (procedure),,
f4159279-94bf-1bfc-07af-629202a102a1,1974-02-26,,f4159279-94bf-1bfc-701b-502b2a3131b4,f4159279-94bf-1bfc-da5d-d1ad2478cc37,384758001,Self-care interventions (procedure),,
f4159279-94bf-1bfc-bc3f-ed99d1269f19,1991-08-06,,f4159279-94bf-1bfc-701b-502b2a3131b4,f4159279-94bf-1bfc-261b-7362e264a3dd,734163000,Care plan (record artifact),,
f4159279-94bf-1bfc-1652-ebd83816f771,2010-04-02,,f4159279-94bf-1bfc-701b-502b2a3131b4,f4159279-94bf-1bfc-37d5-53a574751b24,735985000,Diabetes self management plan (record artifact),714628002,Prediabetes (finding)
3204786e-414f-d3b3-1ad4-cc759d3d49d7,1988-03-18,,3204786e-414f-d3b3-00d7-db5c73e20c74,3204786e-414f-d3b3-5782-c14e05726e14,735985000,Diabetes self management plan (record artifact),714628002,Prediabetes (finding)
3204786e-414f-d3b3-205e-858f6336f65e,2014-03-07,,3204786e-414f-d3b3-00d7-db5c73e20c74,3204786e-414f-d3b3-379e-bc6e0e3ff5d1,736285004,Hyperlipidemia clinical management plan (record artifact),55822004,Hyperlipidemia (disorder)
0b71e9a5-5cc8-b4c6-8b0f-b7f1964b16b9,2017-10-11,2020-06-03,0b71e9a5-5cc8-b4c6-69ec-9ad973817369,0b71e9a5-5cc8-b4c6-fd67-794a41295897,53950000,Respiratory therapy (procedure),,
0b71e9a5-5cc8-b4c6-0b0c-696a5b038871,2019-09-28,2019-12-21,0b71e9a5-5cc8-b4c6-69ec-9ad973817369,0b71e9a5-5cc8-b4c6-2d0c-15a62cc8b678,385691007,Fracture care (regime/therapy),65966004,Fracture of forearm (disorder)
0b71e9a5-5cc8-b4c6-6069-b6cf584b449c,2024-04-26,,0b71e9a5-5cc8-b4c6-69ec-9ad973817369,0b71e9a5-5cc8-b4c6-fa0f-a0c9f03c0e8c,711282006,Skin condition care (regime/therapy),40275004,Contact dermatitis (disorder)
0b71e9a5-5cc8-b4c6-0f41-aa8b5258f28a,2024-05-20,,0b71e9a5-5cc8-b4c6-69ec-9ad973817369,0b71e9a5-5cc8-b4c6-167d-101e486bbdaf,384758001,Self-care interventions (procedure),,
7895d5d9-a8a5-be61-aa2b-f5174448a6ca,1977-01-27,,7895d5d9-a8a5-be61-815b-b204a2bba816,7895d5d9-a8a5-be61-3ba6-0e42fa19868c,134435003,Routine antenatal care (regime/therapy),,
7895d5d9-a8a5-be61-3961-2f0fd4930f3b,1978-04-13,,7895d5d9-a8a5-be61-815b-b204a2bba816,7895d5d9-a8a5-be61-1ea1-ac27db5b2fc6,735985000,Diabetes self management plan (record artifact),714628002,Prediabetes (finding)
7895d5d9-a8a5-be61-9503-ae41325bffcd,2002-02-28,,7895d5d9-a8a5-be61-815b-b204a2bba816,7895d5d9-a8a5-be61-2e70-f7783b4b2af1,443402002,Lifestyle education regarding hypertension (procedure),59621000,Essential hypertension (disorder)
7895d5d9-a8a5-be61-d836-447e545d11f7,2010-05-06,,7895d5d9-a8a5-be61-815b-b204a2bba816,7895d5d9-a8a5-be61-59b2-a999b25834a9,736285004,Hyperlipidemia clinical management plan (record artifact),55822004,Hyperlipidemia (disorder)
7895d5d9-a8a5-be61-517a-720cefed3d38,2016-12-24,2017-01-20,7895d5d9-a8a5-be61-815b-b204a2bba816,7895d5d9-a8a5-be61-afd7-0dfcc05176b2,225358003,Wound care (regime/therapy),283385000,Laceration of thigh (disorder)
6c2c8853-6848-bef3-c1f3-adb92ee2c04b,2018-07-04,2019-01-30,6c2c8853-6848-bef3-71dd-999cb76bf9e8,6c2c8853-6848-bef3-ca13-e28561ed81b0,134435003,Routine antenatal care (regime/therapy),,
6c2c8853-6848-bef3-702e-4ed4b17c9587,2020-09-22,2020-11-12,6c2c8853-6848-bef3-71dd-999cb76bf9e8,6c2c8853-6848-bef3-c81a-54ac88d64e35,385691007,Fracture care (regime/therapy),263172003,Fracture of mandible (disorder)
6c2c8853-6848-bef3-4c96-04aa44c0d3c2,2021-12-29,2022-07-13,6c2c8853-6848-bef3-71dd-999cb76bf9e8,6c2c8853-6848-bef3-74da-ecb990720c17,134435003,Routine antenatal care (regime/therapy),,
6c2c8853-6848-bef3-67c3-cc898c1b5fa9,2022-12-07,,6c2c8853-6848-bef3-71dd-999cb76bf9e8,6c2c8853-6848-bef3-a2d2-a10db075ac7a,735985000,Diabetes self management plan (record artifact),714628002,Prediabetes (finding)
9674049d-58be-b48a-de24-67ed479c5210,2016-01-23,2016-08-20,9674049d-58be-b48a-54d7-e16e1b0ccd88,9674049d-58be-b48a-8a90-f44896ec49d9,134435003,Routine antenatal care (regime/therapy),,
9674049d-58be-b48a-e800-eeae6b053e0d,2020-05-02,2020-12-12,9674049d-58be-b48a-54d7-e16e1b0ccd88,9674049d-58be-b48a-8f6f-09f1b76799a5,134435003,Routine antenatal care (regime/therapy),,
9674049d-58be-b48a-cacc-8940c85f165a,2022-04-09,2022-11-12,9674049d-58be-b48a-54d7-e16e1b0ccd88,9674049d-58be-b48a-61cc-6ba296907b48,134435003,Routine antenatal care (regime/therapy),,
9674049d-58be-b48a-8507-7922245f67ec,2025-11-15,,9674049d-58be-b48a-54d7-e16e1b0ccd88,9674049d-58be-b48a-a540-0ba064e8f956,735985000,Diabetes self management plan (record artifact),714628002,Prediabetes (finding)
7895d5d9-a8a5-be61-b28a-acc5a4721d31,2023-06-03,,7895d5d9-a8a5-be61-815b-b204a2bba816,7895d5d9-a8a5-be61-b8c0-6e95cea9bd4c,736252007,Cancer care plan (record artifact),363406005,Malignant neoplasm of colon (disorder)
7895d5d9-a8a5-be61-dd0c-1170be2e3d7c,2023-06-11,2023-07-07,7895d5d9-a8a5-be61-815b-b204a2bba816,7895d5d9-a8a5-be61-9ced-7b7ebba94df5,737567002,Major surgery care management (procedure),363406005,Malignant neoplasm of colon (disorder)
7895d5d9-a8a5-be61-ee3b-f6ebd9257a23,2025-08-03,2025-08-22,7895d5d9-a8a5-be61-815b-b204a2bba816,7895d5d9-a8a5-be61-260a-a510b99ef3fb,53950000,Respiratory therapy (procedure),,
65bdc04a-127b-5d3a-1b8e-7d9ecf9d7283,1977-11-17,,65bdc04a-127b-5d3a-8e6c-05c01480fe2c,65bdc04a-127b-5d3a-4cad-2039173c9d12,384758001,Self-care interventions (procedure),,
65bdc04a-127b-5d3a-bd49-aa7906e0c481,2018-06-07,2018-12-13,65bdc04a-127b-5d3a-8e6c-05c01480fe2c,65bdc04a-127b-5d3a-a5d4-9e2a1f674db9,53950000,Respiratory therapy (procedure),,
65bdc04a-127b-5d3a-fddd-82c42853d942,2022-12-22,,65bdc04a-127b-5d3a-8e6c-05c01480fe2c,65bdc04a-127b-5d3a-f789-cb79fc0653a5,443402002,Lifestyle education regarding hypertension (procedure),59621000,Essential hypertension (disorder)
9c127696-0332-e0c0-6661-0f102ba86c2a,2022-12-24,2023-02-28,9c127696-0332-e0c0-c60a-e02bbbd4b4a6,9c127696-0332-e0c0-816c-c17a9c81d452,385691007,Fracture care (regime/therapy),58150001,Fracture of clavicle (disorder)
9c127696-0332-e0c0-f9ae-71d37370a22d,2025-03-11,2025-04-02,9c127696-0332-e0c0-c60a-e02bbbd4b4a6,9c127696-0332-e0c0-6348-343447df24ca,225358003,Wound care (regime/therapy),283371005,Laceration of forearm (disorder)
9be956a7-e9c1-9d7a-dc50-e43f65e4dfd8,2019-05-25,2019-06-18,9be956a7-e9c1-9d7a-02e1-4dc77c9502a2,9be956a7-e9c1-9d7a-bd05-1f560ec71cd6,225358003,Wound care (regime/therapy),284551006,Laceration of foot (disorder)
9be956a7-e9c1-9d7a-be1c-e84b3415b2d4,2021-12-24,2022-10-14,9be956a7-e9c1-9d7a-02e1-4dc77c9502a2,9be956a7-e9c1-9d7a-a572-074ac54df0d2,53950000,Respiratory therapy (procedure),,
9be956a7-e9c1-9d7a-c9c4-85129defb41f,2022-06-22,2022-07-13,9be956a7-e9c1-9d7a-02e1-4dc77c9502a2,9be956a7-e9c1-9d7a-dafc-25ee84dfc980,225358003,Wound care (regime/therapy),370247008,Facial laceration (disorder)
9be956a7-e9c1-9d7a-8478-7c1be34abdc2,2025-10-17,,9be956a7-e9c1-9d7a-02e1-4dc77c9502a2,9be956a7-e9c1-9d7a-d430-99dd0c416817,735985000,Diabetes self management plan (record artifact),714628002,Prediabetes (finding)
edd959a2-e707-37e6-42e7-fed0fc2a3a6c,1984-02-24,,edd959a2-e707-37e6-b5ab-3d38620178ae,edd959a2-e707-37e6-36ea-6775a9059721,443402002,Lifestyle education regarding hypertension (procedure),59621000,Essential hypertension (disorder)
edd959a2-e707-37e6-4de8-354a413268a4,1999-05-21,,edd959a2-e707-37e6-b5ab-3d38620178ae,edd959a2-e707-37e6-9e65-0f86c8d8666f,735985000,Diabetes self management plan (record artifact),714628002,Prediabetes (finding)
edd959a2-e707-37e6-ee5e-ea78dd189776,2016-02-15,2016-03-09,edd959a2-e707-37e6-b5ab-3d38620178ae,edd959a2-e707-37e6-cec0-155139faecb3,225358003,Wound care (regime/therapy),370247008,Facial laceration (disorder)
edd959a2-e707-37e6-ae45-d4dc7827174f,2017-09-01,,edd959a2-e707-37e6-b5ab-3d38620178ae,edd959a2-e707-37e6-8a87-21a3ade63252,386257007,Dementia management (regime/therapy),26929004,Alzheimer's disease (disorder)
edd959a2-e707-37e6-73d2-3d9a279b01ae,2018-01-22,2018-05-06,edd959a2-e707-37e6-b5ab-3d38620178ae,edd959a2-e707-37e6-2de0-47d06c36baa6,385691007,Fracture care (regime/therapy),263102004,Fracture subluxation of wrist (disorder)
6564dee7-31b7-cbd3-59e3-b2ed5e762369,1952-08-18,,6564dee7-31b7-cbd3-4382-e6289c750110,6564dee7-31b7-cbd3-b0be-a6586d43a07d,384758001,Self-care interventions (procedure),,
6564dee7-31b7-cbd3-c5be-06f542713374,1958-06-10,,6564dee7-31b7-cbd3-4382-e6289c750110,6564dee7-31b7-cbd3-5f7a-fb076b21a8ea,711282006,Skin condition care (regime/therapy),24079001,Atopic dermatitis (disorder)
6564dee7-31b7-cbd3-b265-de42678b2fda,1976-08-10,,6564dee7-31b7-cbd3-4382-e6289c750110,6564dee7-31b7-cbd3-734f-0d403dff8a9e,735985000,Diabetes self management plan (record artifact),714628002,Prediabetes (finding)
6564dee7-31b7-cbd3-a4ee-e86caa89e5c4,1999-07-20,,6564dee7-31b7-cbd3-4382-e6289c750110,6564dee7-31b7-cbd3-e148-20a01a49c597,736285004,Hyperlipidemia clinical management plan (record artifact),55822004,Hyperlipidemia (disorder)
6564dee7-31b7-cbd3-49ba-ab99f7c2cdf3,2005-12-29,,6564dee7-31b7-cbd3-4382-e6289c750110,6564dee7-31b7-cbd3-9654-7b3a1e1d5cf4,734163000,Care plan (record artifact),,
6564dee7-31b7-cbd3-43e2-5f490ec607f7,2007-11-03,,6564dee7-31b7-cbd3-4382-e6289c750110,6564dee7-31b7-cbd3-55af-c098d5167255,408869004,Musculoskeletal care (regime/therapy),239873007,Osteoarthritis of knee (disorder)
6564dee7-31b7-cbd3-6809-f1ac731ca423,2019-12-21,2019-12-29,6564dee7-31b7-cbd3-4382-e6289c750110,6564dee7-31b7-cbd3-d2d5-b0d09b0f2956,53950000,Respiratory therapy (procedure),,
d517a370-d999-537c-ed8c-9674afaa9546,2015-09-09,,d517a370-d999-537c-13ca-944994fcee40,d517a370-d999-537c-3a67-232c43d702a4,735985000,Diabetes self management plan (record artifact),714628002,Prediabetes (finding)
d517a370-d999-537c-855f-7c3dc513808c,2016-02-24,,d517a370-d999-537c-13ca-944994fcee40,d517a370-d999-537c-48cd-c7b42df7aed3,408869004,Musculoskeletal care (regime/therapy),239872002,Osteoarthritis of hip (disorder)
d517a370-d999-537c-a073-5902b301ef9f,2018-10-02,2019-01-14,d517a370-d999-537c-13ca-944994fcee40,d517a370-d999-537c-4b6e-94cdaaa43043,773513001,Physiotherapy care plan (record artifact),444448004,Injury of medial collateral ligament of knee (disorder)
d517a370-d999-537c-d785-f23d9ceeceb1,2020-06-29,,d517a370-d999-537c-13ca-944994fcee40,d517a370-d999-537c-54a8-e3f3b0f1a672,734163000,Care plan (record artifact),,
d517a370-d999-537c-46f5-ee952da826e1,2023-12-05,,d517a370-d999-537c-13ca-944994fcee40,d517a370-d999-537c-2aa0-bc29aa888aa4,736372004,Discharge care plan (record artifact),,
d517a370-d999-537c-cc84-30709a921aa2,2025-03-26,2025-10-29,d517a370-d999-537c-13ca-944994fcee40,d517a370-d999-537c-75b3-e7aa7c95f44f,53950000,Respiratory therapy (procedure),,
2584fce2-7e0f-67ef-bf38-337edce871d9,2014-04-12,,2584fce2-7e0f-67ef-89e3-5a16032ef318,2584fce2-7e0f-67ef-3140-fb0832eda4bb,276239002,Therapy (regime/therapy),,
2584fce2-7e0f-67ef-ad8a-be6bc221ec6d,2021-03-17,,2584fce2-7e0f-67ef-89e3-5a16032ef318,2584fce2-7e0f-67ef-38f7-6d6b050edfe2,735985000,Diabetes self management plan (record artifact),714628002,Prediabetes (finding)
2584fce2-7e0f-67ef-6d9e-3893f2a6443c,2021-05-01,2021-05-28,2584fce2-7e0f-67ef-89e3-5a16032ef318,2584fce2-7e0f-67ef-e19e-ec81e8ca7fc4,225358003,Wound care (regime/therapy),370247008,Facial laceration (disorder)
2584fce2-7e0f-67ef-cba2-17083fea414d,2024-05-22,2024-07-21,2584fce2-7e0f-67ef-89e3-5a16032ef318,2584fce2-7e0f-67ef-a6e4-9fcbe2a400e7,133901003,Burn care (regime/therapy),403190006,Epidermal burn of skin (disorder)
996793f4-da0e-1a4c-b862-c43325526fdb,2016-02-12,2016-02-27,996793f4-da0e-1a4c-f462-c2088fd44567,996793f4-da0e-1a4c-afe4-64b69415c9c2,225358003,Wound care (regime/therapy),283371005,Laceration of forearm (disorder)
996793f4-da0e-1a4c-9966-625e91178c92,2020-11-19,2021-06-24,996793f4-da0e-1a4c-f462-c2088fd44567,996793f4-da0e-1a4c-0de3-2b9461040cc0,134435003,Routine antenatal care (regime/therapy),,
996793f4-da0e-1a4c-571a-8fa0e0c5b16f,2023-10-05,2024-05-16,996793f4-da0e-1a4c-f462-c2088fd44567,996793f4-da0e-1a4c-e920-6fc719c859ca,134435003,Routine antenatal care (regime/therapy),,
198ed260-8fe4-533c-0c3d-2fa568e53efb,2018-01-20,2018-04-30,198ed260-8fe4-533c-f85c-a24b73f88197,198ed260-8fe4-533c-1bea-898e9331906a,385691007,Fracture care (regime/therapy),359817006,Closed fracture of hip (disorder)
198ed260-8fe4-533c-82ef-34b72dfabb02,2019-04-12,,198ed260-8fe4-533c-f85c-a24b73f88197,198ed260-8fe4-533c-b8d6-df7e38be0cec,386257007,Dementia management (regime/therapy),26929004,Alzheimer's disease (disorder)
198ed260-8fe4-533c-cf2e-c30e24472eba,2024-01-29,2024-02-17,198ed260-8fe4-533c-f85c-a24b73f88197,198ed260-8fe4-533c-c60f-3689e90a5d4e,53950000,Respiratory therapy (procedure),,
bdfed7c9-255f-2e09-6819-81d0ac126f1e,2016-08-28,,bdfed7c9-255f-2e09-25e8-7880f3a77ffd,bdfed7c9-255f-2e09-9b41-8594b0fc765b,443402002,Lifestyle education regarding hypertension (procedure),59621000,Essential hypertension (disorder)
bdfed7c9-255f-2e09-8e68-0e66b09b33b0,2019-07-14,,bdfed7c9-255f-2e09-25e8-7880f3a77ffd,bdfed7c9-255f-2e09-c134-c596733a6687,735985000,Diabetes self management plan (record artifact),714628002,Prediabetes (finding)
5fe4c4ba-9ea7-a5e2-1c49-97d59d464d52,2020-12-08,2020-12-08,5fe4c4ba-9ea7-a5e2-94fe-bbf78b0a0e76,5fe4c4ba-9ea7-a5e2-85df-c32cace34bd7,736376001,Infectious disease care plan (record artifact),,
5fe4c4ba-9ea7-a5e2-a4f9-c5c4bc990603,2020-12-08,2021-01-07,5fe4c4ba-9ea7-a5e2-94fe-bbf78b0a0e76,5fe4c4ba-9ea7-a5e2-85df-c32cace34bd7,736376001,Infectious disease care plan (record artifact),,
5fe4c4ba-9ea7-a5e2-563a-80c543a7827c,2023-07-25,2023-09-24,5fe4c4ba-9ea7-a5e2-94fe-bbf78b0a0e76,5fe4c4ba-9ea7-a5e2-e09d-04f95f651318,47387005,Head injury rehabilitation (regime/therapy),62106007,Concussion with no loss of consciousness (disorder)
0c1a1859-29c7-4f11-4d85-f6355931353e,2017-11-02,2018-07-30,0c1a1859-29c7-4f11-f21c-20a7099e8613,0c1a1859-29c7-4f11-fcb9-882a20243fbb,711282006,Skin condition care (regime/therapy),40275004,Contact dermatitis (disorder)
0c1a1859-29c7-4f11-3102-51a843c7302e,2022-04-23,2022-11-19,0c1a1859-29c7-4f11-f21c-20a7099e8613,0c1a1859-29c7-4f11-42bf-a64398a0d2d2,134435003,Routine antenatal care (regime/therapy),,
0c1a1859-29c7-4f11-e3d9-46db6b970d33,2023-05-27,2023-12-23,0c1a1859-29c7-4f11-f21c-20a7099e8613,0c1a1859-29c7-4f11-b7d3-03e939acc7f4,134435003,Routine antenatal care (regime/therapy),,
0c1a1859-29c7-4f11-9bdf-451e68b507c4,2024-03-11,2024-04-18,0c1a1859-29c7-4f11-f21c-20a7099e8613,0c1a1859-29c7-4f11-1c5f-49daf8344f68,47387005,Head injury rehabilitation (regime/therapy),110030002,Concussion injury of brain (disorder)
0c1a1859-29c7-4f11-62f5-004d8a1b1f13,2024-06-08,2025-01-12,0c1a1859-29c7-4f11-f21c-20a7099e8613,0c1a1859-29c7-4f11-7032-e06c2d1fc929,134435003,Routine antenatal care (regime/therapy),,
7e3953cc-6c45-92b8-4d30-10fae1d0c164,2016-03-23,,7e3953cc-6c45-92b8-3b7d-23a9e50091d7,7e3953cc-6c45-92b8-922f-60f79d14c783,443402002,Lifestyle education regarding hypertension (procedure),59621000,Essential hypertension (disorder)
7e3953cc-6c45-92b8-2466-edf005e97447,2016-03-23,,7e3953cc-6c45-92b8-3b7d-23a9e50091d7,7e3953cc-6c45-92b8-922f-60f79d14c783,735985000,Diabetes self management plan (record artifact),44054006,Diabetes mellitus type 2 (disorder)
c5b8dccb-7c63-b080-c110-2bd96ef67c66,2007-02-19,,c5b8dccb-7c63-b080-398a-c11d043bf9cb,c5b8dccb-7c63-b080-10df-cbb0cc4cf550,408869004,Musculoskeletal care (regime/therapy),239873007,Osteoarthritis of knee (disorder)
c5b8dccb-7c63-b080-2e15-a5311a5201d8,2018-07-03,2018-07-30,c5b8dccb-7c63-b080-398a-c11d043bf9cb,c5b8dccb-7c63-b080-4cca-d6b533ef8bc5,225358003,Wound care (regime/therapy),283385000,Laceration of thigh (disorder)
c5b8dccb-7c63-b080-7718-c10adbeab547,2020-05-06,2020-06-10,c5b8dccb-7c63-b080-398a-c11d043bf9cb,c5b8dccb-7c63-b080-ff96-1cfbb24b4a50,53950000,Respiratory therapy (procedure),,
c5b8dccb-7c63-b080-82fd-2f4651a4904e,2024-06-16,2024-08-06,c5b8dccb-7c63-b080-398a-c11d043bf9cb,c5b8dccb-7c63-b080-e5e1-a19761402876,47387005,Head injury rehabilitation (regime/therapy),62106007,Concussion with no loss of consciousness (disorder)
78f6f5c0-702d-7524-83be-ec6925642458,2014-05-13,,78f6f5c0-702d-7524-d723-0e99f1af7493,78f6f5c0-702d-7524-9bd3-4fa9d4fdb61a,276239002,Therapy (regime/therapy),,
78f6f5c0-702d-7524-144d-61c0099037d6,2020-04-10,,78f6f5c0-702d-7524-d723-0e99f1af7493,78f6f5c0-702d-7524-195f-d1c9bb2edc8d,735985000,Diabetes self management plan (record artifact),714628002,Prediabetes (finding)
78f6f5c0-702d-7524-5cc7-bd0aa13fc0c5,2024-07-29,2024-10-28,78f6f5c0-702d-7524-d723-0e99f1af7493,78f6f5c0-702d-7524-ef56-c1d845b8acac,385691007,Fracture care (regime/therapy),65966004,Fracture of forearm (disorder)
4556f3e0-f7d4-c302-8b05-5df3eff4f2bf,2005-08-21,,4556f3e0-f7d4-c302-394f-c251a8468454,4556f3e0-f7d4-c302-3929-272379719e99,711282006,Skin condition care (regime/therapy),24079001,Atopic dermatitis (disorder)
4556f3e0-f7d4-c302-8e9e-b8bda8709d59,2005-09-12,,4556f3e0-f7d4-c302-394f-c251a8468454,4556f3e0-f7d4-c302-6888-ec9fb464a4eb,384758001,Self-care interventions (procedure),,
4556f3e0-f7d4-c302-e203-fd143f810e69,2016-02-04,2020-02-05,4556f3e0-f7d4-c302-394f-c251a8468454,4556f3e0-f7d4-c302-92da-680d8a0f48d5,170836005,Allergic disorder monitoring (regime/therapy),,
4556f3e0-f7d4-c302-7885-52683204e9a7,2024-03-28,2024-10-24,4556f3e0-f7d4-c302-394f-c251a8468454,4556f3e0-f7d4-c302-3e9c-ca9e41767f78,134435003,Routine antenatal care (regime/therapy),,
37d3ed20-71a3-ea45-69b2-1228f28526b9,2022-02-26,2022-05-19,37d3ed20-71a3-ea45-58f4-c257cbc9baa4,37d3ed20-71a3-ea45-db71-705d78199283,53950000,Respiratory therapy (procedure),,
3a3cfc60-f3b9-d9a0-5e6c-568a4014be3e,2014-12-01,2016-11-08,3a3cfc60-f3b9-d9a0-1dbd-67f0cf8947e2,3a3cfc60-f3b9-d9a0-ac88-4dd5fcac89e5,711282006,Skin condition care (regime/therapy),40275004,Contact dermatitis (disorder)
3a3cfc60-f3b9-d9a0-3580-c77fa7af7475,2014-12-12,,3a3cfc60-f3b9-d9a0-1dbd-67f0cf8947e2,3a3cfc60-f3b9-d9a0-78c8-399ecd469f55,384758001,Self-care interventions (procedure),,
3a3cfc60-f3b9-d9a0-4fb4-ee409fcc12b0,2014-12-12,2018-12-18,3a3cfc60-f3b9-d9a0-1dbd-67f0cf8947e2,3a3cfc60-f3b9-d9a0-ff85-1dcadfe00126,170836005,Allergic disorder monitoring (regime/therapy),,
3a3cfc60-f3b9-d9a0-90b8-5809a9ad8af7,2024-02-05,,3a3cfc60-f3b9-d9a0-1dbd-67f0cf8947e2,3a3cfc60-f3b9-d9a0-1e2a-e5cfc6fc1815,53950000,Respiratory therapy (procedure),,
3a3cfc60-f3b9-d9a0-ceef-1630176f3a2e,2024-10-30,2025-06-11,3a3cfc60-f3b9-d9a0-1dbd-67f0cf8947e2,3a3cfc60-f3b9-d9a0-1bb5-9a795ccb4980,134435003,Routine antenatal care (regime/therapy),,
3a3cfc60-f3b9-d9a0-66f3-003e94f928ae,2025-10-22,,3a3cfc60-f3b9-d9a0-1dbd-67f0cf8947e2,3a3cfc60-f3b9-d9a0-15ba-fdd554f514ca,134435003,Routine antenatal care (regime/therapy),,
09cb2fb8-8a9d-f75f-f6e3-2815cceae255,1997-08-06,1997-09-20,09cb2fb8-8a9d-f75f-135e-8bb95d9f446f,09cb2fb8-8a9d-f75f-7d51-2cff107ac287,47387005,Head injury rehabilitation (regime/therapy),62564004,Concussion with loss of consciousness (disorder)
09cb2fb8-8a9d-f75f-a9bf-ea1dcedcb998,1999-01-13,,09cb2fb8-8a9d-f75f-135e-8bb95d9f446f,09cb2fb8-8a9d-f75f-3f7b-1a3e96361603,443402002,Lifestyle education regarding hypertension (procedure),59621000,Essential hypertension (disorder)
09cb2fb8-8a9d-f75f-147f-289b8876b406,1999-06-02,,09cb2fb8-8a9d-f75f-135e-8bb95d9f446f,09cb2fb8-8a9d-f75f-7692-badfff5e2fe5,736252007,Cancer care plan (record artifact),94260004,Metastatic malignant neoplasm to colon (disorder)
09cb2fb8-8a9d-f75f-dcd9-db59f3431906,1999-06-23,1999-07-11,09cb2fb8-8a9d-f75f-135e-8bb95d9f446f,09cb2fb8-8a9d-f75f-54e8-b3694019e685,737567002,Major surgery care management (procedure),94260004,Metastatic malignant neoplasm to colon (disorder)
6b949035-5840-c84c-7a3c-422cd391c7bd,2003-09-20,,6b949035-5840-c84c-6094-66835062858a,6b949035-5840-c84c-258d-ce0fb0ff580c,384758001,Self-care interventions (procedure),,
6b949035-5840-c84c-efb2-cda6e8c663d1,2006-05-15,,6b949035-5840-c84c-6094-66835062858a,6b949035-5840-c84c-0925-4679aa85baf1,699728000,Asthma self management (regime/therapy),233678006,Childhood asthma (disorder)
6b949035-5840-c84c-4368-d95895963eef,2015-08-31,2019-09-15,6b949035-5840-c84c-6094-66835062858a,6b949035-5840-c84c-fec5-8d1a32d187cb,170836005,Allergic disorder monitoring (regime/therapy),,
6b949035-5840-c84c-7afb-355117de68fa,2020-09-30,2020-11-25,6b949035-5840-c84c-6094-66835062858a,6b949035-5840-c84c-4f12-67a75abd8f86,276239002,Therapy (regime/therapy),,
6b949035-5840-c84c-775d-b5407c837cdd,2025-11-17,,6b949035-5840-c84c-6094-66835062858a,6b949035-5840-c84c-3937-504fabb560df,735985000,Diabetes self management plan (record artifact),714628002,Prediabetes (finding)
e6ccf48c-3e81-913d-3df3-23fa447c1247,2000-12-07,,e6ccf48c-3e81-913d-b524-b51238580947,e6ccf48c-3e81-913d-e511-286762b6d141,443402002,Lifestyle education regarding hypertension (procedure),59621000,Essential hypertension (disorder)
e6ccf48c-3e81-913d-4217-403f1ed6d1f7,2014-04-26,,e6ccf48c-3e81-913d-b524-b51238580947,e6ccf48c-3e81-913d-3609-3a86209aed52,276239002,Therapy (regime/therapy),,
e6ccf48c-3e81-913d-a894-d4e1a3b7fe4c,2015-08-06,2016-03-17,e6ccf48c-3e81-913d-b524-b51238580947,e6ccf48c-3e81-913d-d911-506f4f9571b9,134435003,Routine antenatal care (regime/therapy),,
e6ccf48c-3e81-913d-a346-23b500319b57,2016-06-02,2017-03-16,e6ccf48c-3e81-913d-b524-b51238580947,e6ccf48c-3e81-913d-9151-79a08e07f43c,53950000,Respiratory therapy (procedure),,
9a5ecccf-e4ae-658f-debe-610a3f90bd44,1989-05-18,,9a5ecccf-e4ae-658f-a8ae-177811f90535,9a5ecccf-e4ae-658f-a5df-c0e11a780b33,735985000,Diabetes self management plan (record artifact),44054006,Diabetes mellitus type 2 (disorder)
9a5ecccf-e4ae-658f-ab6c-bc3a93ba7f34,1989-07-18,,9a5ecccf-e4ae-658f-a8ae-177811f90535,9a5ecccf-e4ae-658f-3c12-e1fd20669f54,734163000,Care plan (record artifact),60573004,Aortic valve stenosis (disorder)
9a5ecccf-e4ae-658f-e763-7d0bb152f1fd,1989-09-13,1990-05-24,9a5ecccf-e4ae-658f-a8ae-177811f90535,9a5ecccf-e4ae-658f-e2d3-8ad6e4d8e302,53950000,Respiratory therapy (procedure),,
9a5ecccf-e4ae-658f-031a-11a553f5d2a7,1989-10-05,1989-10-07,9a5ecccf-e4ae-658f-a8ae-177811f90535,9a5ecccf-e4ae-658f-b80e-1df9b4c9e2e9,735321000,Surgical inpatient care plan (record artifact),1231000119100,History of aortic valve replacement (situation)
9a5ecccf-e4ae-658f-6080-ee0e8a5f94c9,1989-10-07,,9a5ecccf-e4ae-658f-a8ae-177811f90535,9a5ecccf-e4ae-658f-6467-5dae1098bbc8,736372004,Discharge care plan (record artifact),1231000119100,History of aortic valve replacement (situation)
9a5ecccf-e4ae-658f-6a95-e8c994e3f166,1994-05-05,,9a5ecccf-e4ae-658f-a8ae-177811f90535,9a5ecccf-e4ae-658f-fc67-32cab5217aec,736283006,Chronic obstructive pulmonary disease clinical management plan (record artifact),185086009,Chronic obstructive bronchitis (disorder)
9a5ecccf-e4ae-658f-8505-cd1b43e09393,1994-05-12,,9a5ecccf-e4ae-658f-a8ae-177811f90535,9a5ecccf-e4ae-658f-9bc7-e41cb8647b13,408869004,Musculoskeletal care (regime/therapy),201834006,Localized  primary osteoarthritis of the hand (disorder)
37bd4d32-a844-0fa7-de46-d7d799505ee4,1983-12-28,,37bd4d32-a844-0fa7-a797-ef09c605d25b,37bd4d32-a844-0fa7-769e-eca7e79c000f,735985000,Diabetes self management plan (record artifact),714628002,Prediabetes (finding)
37bd4d32-a844-0fa7-3608-6cc84be623e7,2017-02-06,2017-05-26,37bd4d32-a844-0fa7-a797-ef09c605d25b,37bd4d32-a844-0fa7-369f-b4bee87420dc,385691007,Fracture care (regime/therapy),263102004,Fracture subluxation of wrist (disorder)
37bd4d32-a844-0fa7-4f81-050101dd3d26,2021-08-07,2021-08-07,37bd4d32-a844-0fa7-a797-ef09c605d25b,37bd4d32-a844-0fa7-80b2-61352f15c9b8,736376001,Infectious disease care plan (record artifact),,
37bd4d32-a844-0fa7-e84c-ae941d45f524,2021-08-07,2021-09-11,37bd4d32-a844-0fa7-a797-ef09c605d25b,37bd4d32-a844-0fa7-80b2-61352f15c9b8,736376001,Infectious disease care plan (record artifact),,
844f3814-39df-ab0a-af11-84fcd87fbc34,1991-08-03,,844f3814-39df-ab0a-66d0-99e02201f020,844f3814-39df-ab0a-58d7-c8b54c42b90a,384758001,Self-care interventions (procedure),,
844f3814-39df-ab0a-a0d4-d0bd8aaa8578,1992-08-13,,844f3814-39df-ab0a-66d0-99e02201f020,844f3814-39df-ab0a-4d44-4476c6841d17,699728000,Asthma self management (regime/therapy),233678006,Childhood asthma (disorder)
844f3814-39df-ab0a-4813-d170d552d386,2010-09-02,2011-04-07,844f3814-39df-ab0a-66d0-99e02201f020,844f3814-39df-ab0a-5a57-efb866c18420,134435003,Routine antenatal care (regime/therapy),,
844f3814-39df-ab0a-be4f-306728d7f116,2013-07-18,,844f3814-39df-ab0a-66d0-99e02201f020,844f3814-39df-ab0a-b435-cd9e52c112ff,735985000,Diabetes self management plan (record artifact),714628002,Prediabetes (finding)
844f3814-39df-ab0a-cb9f-32c3dc246cb0,2017-06-22,2018-02-01,844f3814-39df-ab0a-66d0-99e02201f020,844f3814-39df-ab0a-5567-d8671bc371a4,134435003,Routine antenatal care (regime/therapy),,
844f3814-39df-ab0a-10fc-61e865cbe775,2018-05-10,,844f3814-39df-ab0a-66d0-99e02201f020,844f3814-39df-ab0a-33cb-786722aab73e,736283006,Chronic obstructive pulmonary disease clinical management plan (record artifact),185086009,Chronic obstructive bronchitis (disorder)
844f3814-39df-ab0a-77b1-9173b32451f4,2018-08-09,2019-03-14,844f3814-39df-ab0a-66d0-99e02201f020,844f3814-39df-ab0a-c81a-6a62efee7c9d,134435003,Routine antenatal care (regime/therapy),,
7d48af86-e871-440c-cd98-1b26b8a7d0aa,1989-07-14,,7d48af86-e871-440c-2f8e-df97e369cf35,7d48af86-e871-440c-631f-051a392fe2ad,735985000,Diabetes self management plan (record artifact),714628002,Prediabetes (finding)
7d48af86-e871-440c-8436-000244eb8faa,2002-08-23,,7d48af86-e871-440c-2f8e-df97e369cf35,7d48af86-e871-440c-992d-6c01be982f95,736285004,Hyperlipidemia clinical management plan (record artifact),55822004,Hyperlipidemia (disorder)
7d48af86-e871-440c-c0b7-dba4ff5614a5,2006-08-11,,7d48af86-e871-440c-2f8e-df97e369cf35,7d48af86-e871-440c-60ca-b145886aa935,443402002,Lifestyle education regarding hypertension (procedure),59621000,Essential hypertension (disorder)
7d48af86-e871-440c-b01b-9bcc144ec306,2011-08-14,2011-09-03,7d48af86-e871-440c-2f8e-df97e369cf35,7d48af86-e871-440c-f637-8c010362bc90,225358003,Wound care (regime/therapy),284549007,Laceration of hand (disorder)
7d48af86-e871-440c-3f0e-980ebfb7cd71,2015-09-11,2015-10-02,7d48af86-e871-440c-2f8e-df97e369cf35,7d48af86-e871-440c-221c-327a86c1e8f1,53950000,Respiratory therapy (procedure),,
7d48af86-e871-440c-edee-ffff7b32898f,2018-07-14,2018-08-06,7d48af86-e871-440c-2f8e-df97e369cf35,7d48af86-e871-440c-185b-b71b059f12ee,773513001,Physiotherapy care plan (record artifact),44465007,Sprain of ankle (disorder)
7d48af86-e871-440c-b8fc-19eae67036d5,2021-02-10,2021-02-10,7d48af86-e871-440c-2f8e-df97e369cf35,7d48af86-e871-440c-812c-29fa06428b74,736376001,Infectious disease care plan (record artifact),,
6919a375-be76-b0e5-3f53-ab4979b3a05e,2015-12-31,2016-08-11,6919a375-be76-b0e5-c19b-f0de53601b7b,6919a375-be76-b0e5-28eb-d7da712fcd6e,134435003,Routine antenatal care (regime/therapy),,
6919a375-be76-b0e5-1589-e7a7d0bab07b,2019-03-21,2019-10-24,6919a375-be76-b0e5-c19b-f0de53601b7b,6919a375-be76-b0e5-2050-5c3c9f925335,134435003,Routine antenatal care (regime/therapy),,
6919a375-be76-b0e5-09e6-c0930dc86723,2021-06-02,2021-09-16,6919a375-be76-b0e5-c19b-f0de53601b7b,6919a375-be76-b0e5-31e9-c95155e22898,408869004,Musculoskeletal care (regime/therapy),,
c43bd496-8a2c-0077-7e32-cc4e3278b50b,1994-01-05,,c43bd496-8a2c-0077-2788-c3a5b83f8373,c43bd496-8a2c-0077-709b-a97ac618a4b3,736372004,Discharge care plan (record artifact),,
c43bd496-8a2c-0077-73e0-98866bf27f2e,1995-07-30,,c43bd496-8a2c-0077-2788-c3a5b83f8373,c43bd496-8a2c-0077-fc0e-92b3da33c87e,734163000,Care plan (record artifact),,
6919a375-be76-b0e5-b24d-bcde9eb07345,2022-03-31,,6919a375-be76-b0e5-c19b-f0de53601b7b,6919a375-be76-b0e5-fb5c-5b33314bce04,443402002,Lifestyle education regarding hypertension (procedure),59621000,Essential hypertension (disorder)
6919a375-be76-b0e5-82ef-5774f8c1956d,2025-06-26,,6919a375-be76-b0e5-c19b-f0de53601b7b,6919a375-be76-b0e5-fc21-fcce138af214,134435003,Routine antenatal care (regime/therapy),,
7cc6906f-b761-e388-6ee8-2b6bc55305fe,1983-09-23,,7cc6906f-b761-e388-2d83-92ebd39fb4c3,7cc6906f-b761-e388-5943-9fe7158e6107,736283006,Chronic obstructive pulmonary disease clinical management plan (record artifact),185086009,Chronic obstructive bronchitis (disorder)
7cc6906f-b761-e388-3f4c-f424424c1d9d,1983-09-23,,7cc6906f-b761-e388-2d83-92ebd39fb4c3,7cc6906f-b761-e388-5943-9fe7158e6107,735985000,Diabetes self management plan (record artifact),714628002,Prediabetes (finding)
7cc6906f-b761-e388-aaec-46043a2015f2,1990-01-12,,7cc6906f-b761-e388-2d83-92ebd39fb4c3,7cc6906f-b761-e388-8385-dd45a5e279f3,443402002,Lifestyle education regarding hypertension (procedure),59621000,Essential hypertension (disorder)
7cc6906f-b761-e388-84cb-6525e67f5920,2025-01-19,,7cc6906f-b761-e388-2d83-92ebd39fb4c3,7cc6906f-b761-e388-a78b-752da687207c,781087000,Medical care (regime/therapy),,
84ce846c-5d7b-841f-dcfa-c70ef9a8e3a3,1974-11-25,,84ce846c-5d7b-841f-3edc-fc49ee0b32c9,84ce846c-5d7b-841f-133b-0dfddf222fcf,736283006,Chronic obstructive pulmonary disease clinical management plan (record artifact),87433001,Pulmonary emphysema (disorder)
84ce846c-5d7b-841f-6c2c-163bc803d919,1998-09-21,,84ce846c-5d7b-841f-3edc-fc49ee0b32c9,84ce846c-5d7b-841f-cff4-c9676d0c99d1,443402002,Lifestyle education regarding hypertension (procedure),59621000,Essential hypertension (disorder)
84ce846c-5d7b-841f-deca-3146b9d20ace,2012-10-04,2012-10-22,84ce846c-5d7b-841f-3edc-fc49ee0b32c9,84ce846c-5d7b-841f-22a9-8734510426f9,773513001,Physiotherapy care plan (record artifact),44465007,Sprain of ankle (disorder)
84ce846c-5d7b-841f-aee4-952896969d21,2016-09-12,,84ce846c-5d7b-841f-3edc-fc49ee0b32c9,84ce846c-5d7b-841f-e27f-4a382186aaa1,736372004,Discharge care plan (record artifact),,
a45c5e62-4fc4-e756-bf4f-6d8e17d57dca,2016-11-04,2016-11-13,a45c5e62-4fc4-e756-248a-d796108c0072,a45c5e62-4fc4-e756-0562-2f2d9410122b,53950000,Respiratory therapy (procedure),,
a45c5e62-4fc4-e756-81b6-14f9511c53de,2017-12-10,2018-01-09,a45c5e62-4fc4-e756-248a-d796108c0072,a45c5e62-4fc4-e756-f245-0831f967113a,47387005,Head injury rehabilitation (regime/therapy),62564004,Concussion with loss of consciousness (disorder)
a45c5e62-4fc4-e756-f1ce-5296ac85bd76,2020-12-16,2021-01-04,a45c5e62-4fc4-e756-248a-d796108c0072,a45c5e62-4fc4-e756-1c9a-8c68eb1feb90,225358003,Wound care (regime/therapy),283371005,Laceration of forearm (disorder)
a45c5e62-4fc4-e756-f6a8-9c3edef0b985,2023-01-24,2023-09-05,a45c5e62-4fc4-e756-248a-d796108c0072,a45c5e62-4fc4-e756-1e85-cbb792dc1350,134435003,Routine antenatal care (regime/therapy),,
81242324-2d94-ddf3-a193-1876906808c8,1993-11-05,1994-01-04,81242324-2d94-ddf3-a684-d58a75c06ee6,81242324-2d94-ddf3-e8f2-54c18ef613ee,47387005,Head injury rehabilitation (regime/therapy),110030002,Concussion injury of brain (disorder)
81242324-2d94-ddf3-c7c5-be60928c4267,1995-10-09,,81242324-2d94-ddf3-a684-d58a75c06ee6,81242324-2d94-ddf3-50f4-35e3e8e6648e,443402002,Lifestyle education regarding hypertension (procedure),59621000,Essential hypertension (disorder)
81242324-2d94-ddf3-0ac1-e6eb417a1f01,1995-10-09,,81242324-2d94-ddf3-a684-d58a75c06ee6,81242324-2d94-ddf3-50f4-35e3e8e6648e,735985000,Diabetes self management plan (record artifact),44054006,Diabetes mellitus type 2 (disorder)
81242324-2d94-ddf3-a1ae-b92e70c7bcde,1998-08-02,1998-08-11,81242324-2d94-ddf3-a684-d58a75c06ee6,81242324-2d94-ddf3-9c21-794f9e588491,53950000,Respiratory therapy (procedure),,
fe69dbde-87d4-044b-913a-673a316ae0a8,1979-11-14,,fe69dbde-87d4-044b-bd63-090d9d5b9dd4,fe69dbde-87d4-044b-d21f-3b1162956912,735985000,Diabetes self management plan (record artifact),44054006,Diabetes mellitus type 2 (disorder)
fe69dbde-87d4-044b-4b28-476ad7c42b66,1982-11-17,,fe69dbde-87d4-044b-bd63-090d9d5b9dd4,fe69dbde-87d4-044b-4f15-76a1625a2246,443402002,Lifestyle education regarding hypertension (procedure),59621000,Essential hypertension (disorder)
fe69dbde-87d4-044b-435f-40687daefc7f,1984-09-23,,fe69dbde-87d4-044b-bd63-090d9d5b9dd4,fe69dbde-87d4-044b-25c2-8d53210b97a7,734163000,Care plan (record artifact),73430006,Sleep apnea (disorder)
fe69dbde-87d4-044b-1ac2-2ecdadc35a28,2016-10-26,2016-11-10,fe69dbde-87d4-044b-bd63-090d9d5b9dd4,fe69dbde-87d4-044b-45bc-7f2a250cc074,53950000,Respiratory therapy (procedure),,
fe69dbde-87d4-044b-f7db-f9bf84becc16,2018-08-15,2019-06-12,fe69dbde-87d4-044b-bd63-090d9d5b9dd4,fe69dbde-87d4-044b-210c-282470995853,53950000,Respiratory therapy (procedure),,
fe69dbde-87d4-044b-7a7f-ad7b64d37a43,2025-01-22,,fe69dbde-87d4-044b-bd63-090d9d5b9dd4,fe69dbde-87d4-044b-65af-5539062d20c8,386257007,Dementia management (regime/therapy),26929004,Alzheimer's disease (disorder)
10756f0a-1b93-ad7a-8780-ab98705affd3,2020-12-23,2021-01-16,10756f0a-1b93-ad7a-b8d2-55d1f495394a,10756f0a-1b93-ad7a-1d27-be3b2c3ab8f2,773513001,Physiotherapy care plan (record artifact),44465007,Sprain of ankle (disorder)
fea51c36-faca-d976-c6b1-b3bc39fa16a8,1980-09-22,,fea51c36-faca-d976-bde4-e2dc25983e62,fea51c36-faca-d976-b3e6-e4ac0a6bab2c,735985000,Diabetes self management plan (record artifact),714628002,Prediabetes (finding)
fea51c36-faca-d976-2968-c8adf3678d96,2016-09-05,,fea51c36-faca-d976-bde4-e2dc25983e62,fea51c36-faca-d976-472d-0dc9b2acf9e6,443402002,Lifestyle education regarding hypertension (procedure),59621000,Essential hypertension (disorder)
fea51c36-faca-d976-7a9d-b06cfe016682,2022-07-23,2022-08-15,fea51c36-faca-d976-bde4-e2dc25983e62,fea51c36-faca-d976-41c7-667baddfc540,225358003,Wound care (regime/therapy),283371005,Laceration of forearm (disorder)
c1c3c100-de6b-30c7-7c44-59d979b4defd,2024-04-25,2024-11-28,c1c3c100-de6b-30c7-e7f1-82441577277d,c1c3c100-de6b-30c7-a453-dfd16d351d84,134435003,Routine antenatal care (regime/therapy),,
51e0b3fa-ad85-c245-24cb-687d71f6f8a8,2015-09-15,2016-06-18,51e0b3fa-ad85-c245-eb58-4d9205c2b723,51e0b3fa-ad85-c245-c616-cc2ee467f4bc,53950000,Respiratory therapy (procedure),,
51e0b3fa-ad85-c245-28df-5375593a5473,2019-01-12,2019-03-13,51e0b3fa-ad85-c245-eb58-4d9205c2b723,51e0b3fa-ad85-c245-003c-e29ed4ace76d,773513001,Physiotherapy care plan (record artifact),,
f5f7ffea-7532-6a7d-ec9d-5ea7d4ea5d0b,1994-04-08,,f5f7ffea-7532-6a7d-f94a-e1aabe6664c8,f5f7ffea-7532-6a7d-6352-d168862d63e9,734163000,Care plan (record artifact),,
f5f7ffea-7532-6a7d-727b-32b063b993c9,2001-02-21,,f5f7ffea-7532-6a7d-f94a-e1aabe6664c8,f5f7ffea-7532-6a7d-27eb-e4596f656626,443402002,Lifestyle education regarding hypertension (procedure),59621000,Essential hypertension (disorder)
f5f7ffea-7532-6a7d-2bcb-1700fb1259b4,2008-04-23,,f5f7ffea-7532-6a7d-f94a-e1aabe6664c8,f5f7ffea-7532-6a7d-015f-78fa3651b094,736285004,Hyperlipidemia clinical management plan (record artifact),55822004,Hyperlipidemia (disorder)
b9e40030-d70d-d517-0ba9-1b4625125101,1986-02-09,,b9e40030-d70d-d517-fdda-2037abdb5a80,b9e40030-d70d-d517-ea88-5d981b3c19af,384758001,Self-care interventions (procedure),,
b9e40030-d70d-d517-b870-bcf6cd22c28c,1999-09-08,,b9e40030-d70d-d517-fdda-2037abdb5a80,b9e40030-d70d-d517-5f15-8a981b9a1ed6,734163000,Care plan (record artifact),,
b9e40030-d70d-d517-152a-132640494be7,2011-05-27,2012-02-17,b9e40030-d70d-d517-fdda-2037abdb5a80,b9e40030-d70d-d517-2fcd-904100cb84dd,53950000,Respiratory therapy (procedure),,
b9e40030-d70d-d517-bba6-3dc083e5c888,2014-04-07,,b9e40030-d70d-d517-fdda-2037abdb5a80,b9e40030-d70d-d517-e983-e8fc17432e40,276239002,Therapy (regime/therapy),,
b9e40030-d70d-d517-6e4f-eecaa680d669,2014-11-14,2015-07-17,b9e40030-d70d-d517-fdda-2037abdb5a80,b9e40030-d70d-d517-82ea-699e73666d40,134435003,Routine antenatal care (regime/therapy),,
b9e40030-d70d-d517-14d4-831a0f62553f,2018-09-14,2019-04-12,b9e40030-d70d-d517-fdda-2037abdb5a80,b9e40030-d70d-d517-d95c-87f5f823fa37,134435003,Routine antenatal care (regime/therapy),,
44df6c54-b461-d375-09c0-e15ef619dc0f,2004-12-01,,44df6c54-b461-d375-f129-fe249c18874d,44df6c54-b461-d375-5ed3-e8fd74e29177,735985000,Diabetes self management plan (record artifact),714628002,Prediabetes (finding)
44df6c54-b461-d375-2eb3-86f2d1d6a59e,2013-09-25,,44df6c54-b461-d375-f129-fe249c18874d,44df6c54-b461-d375-c0bd-a25511c397fd,443402002,Lifestyle education regarding hypertension (procedure),59621000,Essential hypertension (disorder)
b9e40030-d70d-d517-b6ab-b516a2bc0338,2020-10-31,2020-12-09,b9e40030-d70d-d517-fdda-2037abdb5a80,b9e40030-d70d-d517-96a1-f1342602fa47,736372004,Discharge care plan (record artifact),,
b9e40030-d70d-d517-6b3a-8a1949d63b92,2021-01-01,2021-01-13,b9e40030-d70d-d517-fdda-2037abdb5a80,b9e40030-d70d-d517-3994-fa97c9146d39,53950000,Respiratory therapy (procedure),,
44df6c54-b461-d375-5c05-9d7f1e68522f,2017-10-25,,44df6c54-b461-d375-f129-fe249c18874d,44df6c54-b461-d375-8990-521f5e24a493,734163000,Care plan (record artifact),78275009,Obstructive sleep apnea syndrome (disorder)
ab27141b-099a-744e-78dc-c4c7cc571bc6,2021-03-06,2021-03-16,ab27141b-099a-744e-4a5f-727f4802bdf9,ab27141b-099a-744e-33df-72ffcd261dd5,53950000,Respiratory therapy (procedure),,
48c74e27-bd62-c80e-d8b1-eff9bf999661,2006-01-01,,48c74e27-bd62-c80e-c9dd-472f8adbeb72,48c74e27-bd62-c80e-a951-a2f267049c05,734163000,Care plan (record artifact),,
48c74e27-bd62-c80e-0da4-df10235f9b2f,2017-05-12,2017-12-15,48c74e27-bd62-c80e-c9dd-472f8adbeb72,48c74e27-bd62-c80e-819b-86a5bbc0a2bd,134435003,Routine antenatal care (regime/therapy),,
48c74e27-bd62-c80e-aa0e-fd4e57bcc40c,2018-08-03,2019-03-08,48c74e27-bd62-c80e-c9dd-472f8adbeb72,48c74e27-bd62-c80e-bcf1-d998631b50c1,134435003,Routine antenatal care (regime/therapy),,
48c74e27-bd62-c80e-4d95-c2ddb2b4e56e,2024-04-12,,48c74e27-bd62-c80e-c9dd-472f8adbeb72,48c74e27-bd62-c80e-2b60-f1e744a0dc19,735985000,Diabetes self management plan (record artifact),714628002,Prediabetes (finding)
48c74e27-bd62-c80e-0ebd-286b4cda2b07,2025-05-16,,48c74e27-bd62-c80e-c9dd-472f8adbeb72,48c74e27-bd62-c80e-0cd1-4d4dbc0463f8,134435003,Routine antenatal care (regime/therapy),,
7903c561-622b-88bd-cd8e-85aa87118a77,1989-06-08,,7903c561-622b-88bd-253b-d85e39177398,7903c561-622b-88bd-2ab3-71f66259d2b2,736285004,Hyperlipidemia clinical management plan (record artifact),55822004,Hyperlipidemia (disorder)
7903c561-622b-88bd-2a56-81867deec0cf,1991-05-23,,7903c561-622b-88bd-253b-d85e39177398,7903c561-622b-88bd-1994-7cde5c1a938b,443402002,Lifestyle education regarding hypertension (procedure),59621000,Essential hypertension (disorder)
7903c561-622b-88bd-eaa1-a8a45e3ac297,1993-06-03,,7903c561-622b-88bd-253b-d85e39177398,7903c561-622b-88bd-0a6d-a4bbbaf145db,735985000,Diabetes self management plan (record artifact),714628002,Prediabetes (finding)
7903c561-622b-88bd-f3a2-7640843a64a8,2012-10-06,,7903c561-622b-88bd-253b-d85e39177398,7903c561-622b-88bd-747c-7ea39d978171,386257007,Dementia management (regime/therapy),26929004,Alzheimer's disease (disorder)
4c2d9aad-d8ba-71c0-06c3-bfd0e766e80e,1994-03-05,,4c2d9aad-d8ba-71c0-b588-c8599aaa218a,4c2d9aad-d8ba-71c0-a461-4ffd95272747,735985000,Diabetes self management plan (record artifact),714628002,Prediabetes (finding)
4c2d9aad-d8ba-71c0-132b-e5ca713e0bf8,2016-02-01,2016-03-30,4c2d9aad-d8ba-71c0-b588-c8599aaa218a,4c2d9aad-d8ba-71c0-3d98-9bee7e0a46a0,773513001,Physiotherapy care plan (record artifact),444448004,Injury of medial collateral ligament of knee (disorder)
3bd657bd-51e4-a89d-5ebf-3d05c45a5c7b,1995-04-22,,3bd657bd-51e4-a89d-300c-cc4238af6f1c,3bd657bd-51e4-a89d-2ee4-478d89be5f84,384758001,Self-care interventions (procedure),,
3bd657bd-51e4-a89d-18f2-91cf61f31667,2002-04-29,,3bd657bd-51e4-a89d-300c-cc4238af6f1c,3bd657bd-51e4-a89d-7170-c8ee3683b290,718361005,Weight management program (regime/therapy),,
3bd657bd-51e4-a89d-316b-27dcda4fbe36,2016-07-22,2016-08-13,3bd657bd-51e4-a89d-300c-cc4238af6f1c,3bd657bd-51e4-a89d-9023-cc132a5cfd24,225358003,Wound care (regime/therapy),283385000,Laceration of thigh (disorder)
3bd657bd-51e4-a89d-986d-e0616efd1e3d,2016-09-23,2016-10-07,3bd657bd-51e4-a89d-300c-cc4238af6f1c,3bd657bd-51e4-a89d-17a9-22aaf89ccfda,53950000,Respiratory therapy (procedure),,
3bd657bd-51e4-a89d-91fa-8a5e76b7e7cd,2017-08-22,2017-09-06,3bd657bd-51e4-a89d-300c-cc4238af6f1c,3bd657bd-51e4-a89d-ad4d-b0f284d69792,225358003,Wound care (regime/therapy),284549007,Laceration of hand (disorder)
3bd657bd-51e4-a89d-e58b-9cc447bf40ee,2018-10-27,2018-11-22,3bd657bd-51e4-a89d-300c-cc4238af6f1c,3bd657bd-51e4-a89d-7a92-6f53456453ab,225358003,Wound care (regime/therapy),370247008,Facial laceration (disorder)
3bd657bd-51e4-a89d-fa4d-89b7f08ebf14,2024-07-15,2025-02-10,3bd657bd-51e4-a89d-300c-cc4238af6f1c,3bd657bd-51e4-a89d-3a34-15b17aebe3a4,134435003,Routine antenatal care (regime/therapy),,
3bd657bd-51e4-a89d-a59b-ba2a1730dec6,2025-11-03,,3bd657bd-51e4-a89d-300c-cc4238af6f1c,3bd657bd-51e4-a89d-a6a5-f7202eb2e8c6,134435003,Routine antenatal care (regime/therapy),,
7903c561-622b-88bd-a92f-7ade185545cd,2022-11-10,2023-01-05,7903c561-622b-88bd-253b-d85e39177398,7903c561-622b-88bd-67b1-6f12d15e03da,408869004,Musculoskeletal care (regime/therapy),,
7903c561-622b-88bd-7d3a-d9906bcdaf35,2024-01-18,,7903c561-622b-88bd-253b-d85e39177398,7903c561-622b-88bd-440d-a6ba3b0d8852,735984001,Heart failure self management plan (record artifact),88805009,Chronic congestive heart failure (disorder)
7903c561-622b-88bd-7e5e-f3ff2931a8d5,2025-05-03,2025-05-23,7903c561-622b-88bd-253b-d85e39177398,7903c561-622b-88bd-9511-a9843ae48ede,53950000,Respiratory therapy (procedure),,
7903c561-622b-88bd-94b0-d2ef1cea422a,2025-07-17,,7903c561-622b-88bd-253b-d85e39177398,7903c561-622b-88bd-a336-c0782189f8db,736690008,Dialysis care plan (record artifact),,
3988f353-3849-69a1-af08-42bee8c6d059,1992-03-21,,3988f353-3849-69a1-2780-a5c23bd44909,3988f353-3849-69a1-c123-ca054ebae101,735985000,Diabetes self management plan (record artifact),714628002,Prediabetes (finding)
3988f353-3849-69a1-42f7-74ee3b58997a,2014-04-05,,3988f353-3849-69a1-2780-a5c23bd44909,3988f353-3849-69a1-6698-b376b2da2ea7,276239002,Therapy (regime/therapy),,
3988f353-3849-69a1-3516-edaf251b4714,2017-05-09,2017-06-12,3988f353-3849-69a1-2780-a5c23bd44909,3988f353-3849-69a1-e93a-fccd0ec4f7c3,773513001,Physiotherapy care plan (record artifact),70704007,Sprain of wrist (disorder)
a336e5c5-db17-7bad-f84c-c8492620a604,2018-02-07,2018-03-28,a336e5c5-db17-7bad-7a45-cf800df9a138,a336e5c5-db17-7bad-8b9e-9254369c2077,385691007,Fracture care (regime/therapy),263172003,Fracture of mandible (disorder)
3988f353-3849-69a1-bd84-13caa9c059c9,2018-01-16,,3988f353-3849-69a1-2780-a5c23bd44909,3988f353-3849-69a1-b999-e56f2d990037,734163000,Care plan (record artifact),78275009,Obstructive sleep apnea syndrome (disorder)
a336e5c5-db17-7bad-e055-949feb996130,2023-03-24,2023-04-11,a336e5c5-db17-7bad-7a45-cf800df9a138,a336e5c5-db17-7bad-2139-34256173871a,225358003,Wound care (regime/therapy),284549007,Laceration of hand (disorder)
a336e5c5-db17-7bad-1c76-15ac2f361ca2,2024-06-12,2024-06-19,a336e5c5-db17-7bad-7a45-cf800df9a138,a336e5c5-db17-7bad-e3b8-5ad50d0e96ad,737471002,Minor surgery care management (procedure),,
a1579aac-7782-f39d-c635-8491fddece57,2016-08-29,2016-09-15,a1579aac-7782-f39d-d83d-4ff73c13b648,a1579aac-7782-f39d-9b42-a3d8235cb627,53950000,Respiratory therapy (procedure),,
a1579aac-7782-f39d-3ebf-fe39fc78d2d6,2017-03-27,2017-06-19,a1579aac-7782-f39d-d83d-4ff73c13b648,a1579aac-7782-f39d-2e6e-32a2195a81c6,47387005,Head injury rehabilitation (regime/therapy),62106007,Concussion with no loss of consciousness (disorder)
a1579aac-7782-f39d-ac9b-e8ce86c15e52,2020-06-20,,a1579aac-7782-f39d-d83d-4ff73c13b648,a1579aac-7782-f39d-762f-2dd607ce6705,735985000,Diabetes self management plan (record artifact),714628002,Prediabetes (finding)
e1ee6dac-97ca-bff4-aa89-f2050756594c,1953-02-13,1953-06-06,e1ee6dac-97ca-bff4-293f-fcf24bdec47e,e1ee6dac-97ca-bff4-8edd-a208b905e6b2,225358003,Wound care (regime/therapy),,
e1ee6dac-97ca-bff4-a2ae-31423c6e2661,1957-06-20,1958-05-15,e1ee6dac-97ca-bff4-293f-fcf24bdec47e,e1ee6dac-97ca-bff4-adc0-33438d2b097f,53950000,Respiratory therapy (procedure),,
09e0d4ef-ac2d-fc4e-578e-dadceeb80dc2,1975-04-15,,09e0d4ef-ac2d-fc4e-865f-676ec335c5bd,09e0d4ef-ac2d-fc4e-7453-44a9ce6e2b14,384758001,Self-care interventions (procedure),,
09e0d4ef-ac2d-fc4e-27c4-59722bf05229,2019-12-27,2020-07-31,09e0d4ef-ac2d-fc4e-865f-676ec335c5bd,09e0d4ef-ac2d-fc4e-46b3-1d342dbb5151,134435003,Routine antenatal care (regime/therapy),,
09e0d4ef-ac2d-fc4e-35ae-5a8493968da9,2023-11-30,2024-02-17,09e0d4ef-ac2d-fc4e-865f-676ec335c5bd,09e0d4ef-ac2d-fc4e-a695-d24085d744e9,408869004,Musculoskeletal care (regime/therapy),,
d1dd5867-a35a-7737-788f-9a3dc2e4c3f3,1996-12-05,,d1dd5867-a35a-7737-c619-35ab92616b9d,d1dd5867-a35a-7737-22eb-50528a44ae61,384758001,Self-care interventions (procedure),,
d1dd5867-a35a-7737-0c15-49825a320aef,2022-12-22,2023-08-03,d1dd5867-a35a-7737-c619-35ab92616b9d,d1dd5867-a35a-7737-53cd-65c7bbb9d522,134435003,Routine antenatal care (regime/therapy),,
6ea8365d-e53f-2d4b-013f-49fd849c618a,2015-11-12,2016-09-17,6ea8365d-e53f-2d4b-23b4-8eb3d83bd2cb,6ea8365d-e53f-2d4b-5b90-cb38eb1d5d48,53950000,Respiratory therapy (procedure),,
6ea8365d-e53f-2d4b-692b-b9ba09cc127a,2019-12-21,2020-01-21,6ea8365d-e53f-2d4b-23b4-8eb3d83bd2cb,6ea8365d-e53f-2d4b-4a7d-a19f08528e5b,773513001,Physiotherapy care plan (record artifact),44465007,Sprain of ankle (disorder)
5f0b80f3-7971-e95c-d7a0-600a5310d32a,1976-03-11,,5f0b80f3-7971-e95c-0fce-d80ffcbf4602,5f0b80f3-7971-e95c-7103-1055d4c62250,735985000,Diabetes self management plan (record artifact),714628002,Prediabetes (finding)
5f0b80f3-7971-e95c-80b8-fe280da05832,1978-05-21,1978-06-09,5f0b80f3-7971-e95c-0fce-d80ffcbf4602,5f0b80f3-7971-e95c-3db0-e44741c0604c,225358003,Wound care (regime/therapy),370247008,Facial laceration (disorder)
6ea8365d-e53f-2d4b-b323-e3cae92a07c9,2024-06-22,2025-09-27,6ea8365d-e53f-2d4b-23b4-8eb3d83bd2cb,6ea8365d-e53f-2d4b-3494-ff06756a0e64,53950000,Respiratory therapy (procedure),,
6ea8365d-e53f-2d4b-7ac6-8d56af0bd66d,2024-12-01,2024-12-19,6ea8365d-e53f-2d4b-23b4-8eb3d83bd2cb,6ea8365d-e53f-2d4b-6ba5-be1ca565572c,225358003,Wound care (regime/therapy),370247008,Facial laceration (disorder)
5f0b80f3-7971-e95c-d485-bbc629e35ee4,1980-04-03,,5f0b80f3-7971-e95c-0fce-d80ffcbf4602,5f0b80f3-7971-e95c-920d-0c27abef2f6f,386257007,Dementia management (regime/therapy),230265002,Familial Alzheimer's disease of early onset (disorder)
5f0b80f3-7971-e95c-a27d-95b40c56b935,1980-05-13,1980-05-25,5f0b80f3-7971-e95c-0fce-d80ffcbf4602,5f0b80f3-7971-e95c-fdee-67828a48bf90,53950000,Respiratory therapy (procedure),,
5f0b80f3-7971-e95c-b859-8989c739faf5,1983-04-21,,5f0b80f3-7971-e95c-0fce-d80ffcbf4602,5f0b80f3-7971-e95c-48f3-b012763a33da,443402002,Lifestyle education regarding hypertension (procedure),59621000,Essential hypertension (disorder)
5f0b80f3-7971-e95c-9c99-e3be0068601b,1986-03-11,1986-03-28,5f0b80f3-7971-e95c-0fce-d80ffcbf4602,5f0b80f3-7971-e95c-5ba4-160796874cee,225358003,Wound care (regime/therapy),283371005,Laceration of forearm (disorder)
fb1c17bf-f36f-ff24-e85a-7a5290b42639,2020-11-11,2021-06-23,fb1c17bf-f36f-ff24-5a5d-227fd01e447d,fb1c17bf-f36f-ff24-6899-a349d71d6280,134435003,Routine antenatal care (regime/therapy),,
fb1c17bf-f36f-ff24-08d8-e8763a218df4,2022-08-28,2023-11-08,fb1c17bf-f36f-ff24-5a5d-227fd01e447d,fb1c17bf-f36f-ff24-feb1-16ad617ec3a7,53950000,Respiratory therapy (procedure),,
fb1c17bf-f36f-ff24-3f53-19003b3f629b,2023-11-08,,fb1c17bf-f36f-ff24-5a5d-227fd01e447d,fb1c17bf-f36f-ff24-4eeb-ab81c54ec1ad,735985000,Diabetes self management plan (record artifact),714628002,Prediabetes (finding)
fb1c17bf-f36f-ff24-d21e-9193b3fcee91,2025-02-19,2025-09-03,fb1c17bf-f36f-ff24-5a5d-227fd01e447d,fb1c17bf-f36f-ff24-0cfc-aa9b8583289b,134435003,Routine antenatal care (regime/therapy),,
55087eb9-d0fe-bcab-e2ad-6e2565a58941,1974-01-14,,55087eb9-d0fe-bcab-4b86-5b8ea0c45077,55087eb9-d0fe-bcab-efd6-bcb2a30686fe,735985000,Diabetes self management plan (record artifact),714628002,Prediabetes (finding)
55087eb9-d0fe-bcab-d909-5054c5d66caa,1992-11-23,,55087eb9-d0fe-bcab-4b86-5b8ea0c45077,55087eb9-d0fe-bcab-7250-3b74829b93a6,443402002,Lifestyle education regarding hypertension (procedure),59621000,Essential hypertension (disorder)
55087eb9-d0fe-bcab-03e0-9912b454d0c7,2014-04-06,,55087eb9-d0fe-bcab-4b86-5b8ea0c45077,55087eb9-d0fe-bcab-5069-f49a36d6a2b6,276239002,Therapy (regime/therapy),,
b234c860-7fc5-7f36-9dad-64513cf4aba7,1995-06-07,,b234c860-7fc5-7f36-df31-9ac6744ea35b,b234c860-7fc5-7f36-bf1e-0ea95eb2a885,736285004,Hyperlipidemia clinical management plan (record artifact),55822004,Hyperlipidemia (disorder)
b234c860-7fc5-7f36-7386-57398f1d45db,1997-03-18,,b234c860-7fc5-7f36-df31-9ac6744ea35b,b234c860-7fc5-7f36-aa7b-d8ad4c0171a0,408869004,Musculoskeletal care (regime/therapy),239873007,Osteoarthritis of knee (disorder)
55087eb9-d0fe-bcab-a94f-90fffb1017a7,2020-08-31,,55087eb9-d0fe-bcab-4b86-5b8ea0c45077,55087eb9-d0fe-bcab-d338-8cfafd293bbd,736690008,Dialysis care plan (record artifact),,
b234c860-7fc5-7f36-a3bc-9957a87d9c4d,2019-04-10,2019-08-07,b234c860-7fc5-7f36-df31-9ac6744ea35b,b234c860-7fc5-7f36-7e91-f57bb424752b,53950000,Respiratory therapy (procedure),,
55087eb9-d0fe-bcab-7b99-d01de61f49c5,2024-09-30,,55087eb9-d0fe-bcab-4b86-5b8ea0c45077,55087eb9-d0fe-bcab-f9e7-0501949dc136,734163000,Care plan (record artifact),,
708dc0ad-1d3d-353b-296d-b1acec7baf78,2018-09-01,2019-03-30,708dc0ad-1d3d-353b-e4d9-62e0bec08b92,708dc0ad-1d3d-353b-2691-5aa3ee425936,134435003,Routine antenatal care (regime/therapy),,
708dc0ad-1d3d-353b-ff63-627a5de08db8,2022-04-23,2022-11-26,708dc0ad-1d3d-353b-e4d9-62e0bec08b92,708dc0ad-1d3d-353b-a55b-18b2e7afb987,134435003,Routine antenatal care (regime/therapy),,
814b53c4-d5e3-2db5-0081-c096066c5e42,1955-05-12,,814b53c4-d5e3-2db5-4842-e419e56b54c8,814b53c4-d5e3-2db5-7516-c897420d565e,734163000,Care plan (record artifact),,
814b53c4-d5e3-2db5-a558-d14edaa8067c,1958-05-15,,814b53c4-d5e3-2db5-4842-e419e56b54c8,814b53c4-d5e3-2db5-31c0-a99a130bb8eb,735985000,Diabetes self management plan (record artifact),714628002,Prediabetes (finding)
814b53c4-d5e3-2db5-1024-0f95dabeaa33,1978-06-07,1978-06-26,814b53c4-d5e3-2db5-4842-e419e56b54c8,814b53c4-d5e3-2db5-1fcf-340172f33c7b,53950000,Respiratory therapy (procedure),,
814b53c4-d5e3-2db5-21bc-ac7842ae95f7,1981-05-23,1981-08-12,814b53c4-d5e3-2db5-4842-e419e56b54c8,814b53c4-d5e3-2db5-b15d-37c33a85a64a,47387005,Head injury rehabilitation (regime/therapy),62106007,Concussion with no loss of consciousness (disorder)
814b53c4-d5e3-2db5-f579-a2644927522a,1982-09-09,1982-09-16,814b53c4-d5e3-2db5-4842-e419e56b54c8,814b53c4-d5e3-2db5-6aef-b2df74ea3105,53950000,Respiratory therapy (procedure),,
96dce072-0178-f305-8e61-c17ee93236c6,1996-02-04,,96dce072-0178-f305-3c8b-946ab1dd155f,96dce072-0178-f305-dde5-34a465cb66c5,735985000,Diabetes self management plan (record artifact),714628002,Prediabetes (finding)
fb55f2b6-37d3-8403-c3b5-0fb6df1b7ab2,2011-09-04,,fb55f2b6-37d3-8403-c1fd-0e2f1330470e,fb55f2b6-37d3-8403-4d88-cedc1b441bda,384758001,Self-care interventions (procedure),,
fb55f2b6-37d3-8403-2e6e-382d300a0be7,2014-09-28,,fb55f2b6-37d3-8403-c1fd-0e2f1330470e,fb55f2b6-37d3-8403-84c1-573e20dd2811,699728000,Asthma self management (regime/therapy),233678006,Childhood asthma (disorder)
fb55f2b6-37d3-8403-3950-d2de390fa8c2,2016-03-19,2016-04-06,fb55f2b6-37d3-8403-c1fd-0e2f1330470e,fb55f2b6-37d3-8403-c97f-e7a4e6fd9495,773513001,Physiotherapy care plan (record artifact),70704007,Sprain of wrist (disorder)
fb55f2b6-37d3-8403-f385-f279034eb1f3,2018-02-05,2018-02-26,fb55f2b6-37d3-8403-c1fd-0e2f1330470e,fb55f2b6-37d3-8403-6b4c-35ba49f01620,773513001,Physiotherapy care plan (record artifact),44465007,Sprain of ankle (disorder)
fb55f2b6-37d3-8403-41f4-e4fb487728cc,2019-02-10,2019-03-17,fb55f2b6-37d3-8403-c1fd-0e2f1330470e,fb55f2b6-37d3-8403-04f3-de41d00af081,773513001,Physiotherapy care plan (record artifact),44465007,Sprain of ankle (disorder)
fb55f2b6-37d3-8403-fadb-2efd93feffdf,2023-04-30,,fb55f2b6-37d3-8403-c1fd-0e2f1330470e,fb55f2b6-37d3-8403-0de1-4d2df052a7be,170836005,Allergic disorder monitoring (regime/therapy),,
fb62c08e-8900-5fb2-24d7-731cec4de6d7,1995-10-23,,fb62c08e-8900-5fb2-8a98-af95f64125ff,fb62c08e-8900-5fb2-030e-d0d988592309,443402002,Lifestyle education regarding hypertension (procedure),59621000,Essential hypertension (disorder)
fb62c08e-8900-5fb2-eda6-b25b0e464eae,1997-09-11,,fb62c08e-8900-5fb2-8a98-af95f64125ff,fb62c08e-8900-5fb2-362b-8c4bc9e63ce8,384758001,Self-care interventions (procedure),,
fb62c08e-8900-5fb2-77a6-92223bc15a41,2015-08-07,,fb62c08e-8900-5fb2-8a98-af95f64125ff,fb62c08e-8900-5fb2-00a6-40d4e9737102,736690008,Dialysis care plan (record artifact),,
fb62c08e-8900-5fb2-846c-d5fe10292a74,2020-07-10,,fb62c08e-8900-5fb2-8a98-af95f64125ff,fb62c08e-8900-5fb2-3c1e-2293f11b7e99,734163000,Care plan (record artifact),78275009,Obstructive sleep apnea syndrome (disorder)
399c2cef-f4a7-a47d-aaee-b55845022bfd,2005-09-26,2005-10-09,399c2cef-f4a7-a47d-449b-c08738a8bb77,399c2cef-f4a7-a47d-13b3-4ef0b6c63dc5,737471002,Minor surgery care management (procedure),,
399c2cef-f4a7-a47d-33a7-40d26490c2c3,2007-08-21,2007-09-04,399c2cef-f4a7-a47d-449b-c08738a8bb77,399c2cef-f4a7-a47d-d3c9-a33a42a3ed52,225358003,Wound care (regime/therapy),284551006,Laceration of foot (disorder)
f4a26937-3b08-9317-111d-7a6aa284a5f1,2022-11-03,2023-05-18,f4a26937-3b08-9317-bd34-2259165b8cc0,f4a26937-3b08-9317-fab3-be0c6216aadc,53950000,Respiratory therapy (procedure),,
f4a26937-3b08-9317-ff48-5bcd34b30d1a,2023-10-26,2023-12-09,f4a26937-3b08-9317-bd34-2259165b8cc0,f4a26937-3b08-9317-5923-304c5fc0fb24,385691007,Fracture care (regime/therapy),16114001,Fracture of ankle (disorder)
f4a26937-3b08-9317-b57f-406c869a2f1e,2024-02-17,,f4a26937-3b08-9317-bd34-2259165b8cc0,f4a26937-3b08-9317-dade-cfb420dc9c6a,384758001,Self-care interventions (procedure),,
ce16264b-b955-e2a2-c01f-238e9d8744c8,2023-12-13,2024-03-29,ce16264b-b955-e2a2-bd49-5ce02cc20d7c,ce16264b-b955-e2a2-c8b7-54f2f17b7ece,53950000,Respiratory therapy (procedure),,
08de722f-94f0-95a7-afcb-605391acee2f,2001-05-30,,08de722f-94f0-95a7-5054-b121c3c45b99,08de722f-94f0-95a7-6e2d-5c5f58c7918b,735985000,Diabetes self management plan (record artifact),714628002,Prediabetes (finding)
08de722f-94f0-95a7-8ad5-3c31513ef9f0,2014-03-12,,08de722f-94f0-95a7-5054-b121c3c45b99,08de722f-94f0-95a7-4d15-6f4a20ef20b7,734163000,Care plan (record artifact),,
08de722f-94f0-95a7-42f5-f5ff8cfe1754,2020-09-22,2020-11-19,08de722f-94f0-95a7-5054-b121c3c45b99,08de722f-94f0-95a7-40e9-16aa9549d3aa,133901003,Burn care (regime/therapy),403190006,Epidermal burn of skin (disorder)
6547940c-38ea-67f0-04ae-7479e603c91f,1964-03-05,,6547940c-38ea-67f0-54d1-d132440c8cc9,6547940c-38ea-67f0-6b23-9b153c8aed3d,735985000,Diabetes self management plan (record artifact),714628002,Prediabetes (finding)
6547940c-38ea-67f0-bcd0-b22f3507f958,1975-03-06,,6547940c-38ea-67f0-54d1-d132440c8cc9,6547940c-38ea-67f0-df64-6271180d5033,443402002,Lifestyle education regarding hypertension (procedure),59621000,Essential hypertension (disorder)
6547940c-38ea-67f0-99a8-e86cb716a4ff,1984-04-26,,6547940c-38ea-67f0-54d1-d132440c8cc9,6547940c-38ea-67f0-8148-45250766996d,734163000,Care plan (record artifact),,
6547940c-38ea-67f0-95de-6d65933e081e,2004-11-28,,6547940c-38ea-67f0-54d1-d132440c8cc9,6547940c-38ea-67f0-5bfb-7be0c606400e,736690008,Dialysis care plan (record artifact),,
6547940c-38ea-67f0-518d-8cddab74a394,2009-10-01,,6547940c-38ea-67f0-54d1-d132440c8cc9,6547940c-38ea-67f0-9f69-9395c7af41ef,736252007,Cancer care plan (record artifact),126906006,Neoplasm of prostate (disorder)
6547940c-38ea-67f0-d7d5-dae2adc2e588,2013-10-17,,6547940c-38ea-67f0-54d1-d132440c8cc9,6547940c-38ea-67f0-9139-c69ac794b28a,386257007,Dementia management (regime/therapy),26929004,Alzheimer's disease (disorder)
6547940c-38ea-67f0-ce98-32d378f8ec32,2016-10-11,2016-11-03,6547940c-38ea-67f0-54d1-d132440c8cc9,6547940c-38ea-67f0-f55e-f8ef0ec6708a,225358003,Wound care (regime/therapy),284549007,Laceration of hand (disorder)
6547940c-38ea-67f0-11d1-ec3ac8014e19,2019-12-01,2019-12-21,6547940c-38ea-67f0-54d1-d132440c8cc9,6547940c-38ea-67f0-58e8-b198e14fe9de,225358003,Wound care (regime/therapy),284549007,Laceration of hand (disorder)
6547940c-38ea-67f0-c96f-f5925b7efc5c,2021-07-29,2021-08-08,6547940c-38ea-67f0-54d1-d132440c8cc9,6547940c-38ea-67f0-b2a2-ead1a47be837,53950000,Respiratory therapy (procedure),,
6547940c-38ea-67f0-5c55-4410356005ee,2022-01-20,2022-02-27,6547940c-38ea-67f0-54d1-d132440c8cc9,6547940c-38ea-67f0-12ae-93bd78f03b8f,773513001,Physiotherapy care plan (record artifact),70704007,Sprain of wrist (disorder)
6547940c-38ea-67f0-92b4-e92218c5fc5a,2023-01-29,2023-03-12,6547940c-38ea-67f0-54d1-d132440c8cc9,6547940c-38ea-67f0-ce19-2f5cc1b3f6b3,408869004,Musculoskeletal care (regime/therapy),,
