Id,BIRTHDATE,DEATHDATE,SSN,DRIVERS,PASSPORT,PREFIX,FIRST,MIDDLE,LAST,SUFFIX,MAIDEN,MARITAL,RACE,ETHNICITY,GENDER,BIRTHPLACE,ADDRESS,CITY,STATE,COUNTY,FIPS,ZIP,LAT,LON,HEALTHCARE_EXPENSES,HEALTHCARE_COVERAGE,INCOME
45dff467-def6-2132-a03a-5950e203b5c8,1977-11-05,,999-99-5823,S99991279,X28392886X,Mr.,Kris249,Ezequiel972,Moore224,,,M,white,nonhispanic,M,Danvers  Massachusetts  US,438 Feest Road,Hudson,Massachusetts,Middlesex County,25017,01749,42.41238784227109,-71.52356170639564,104982.28,10945.37,45797
41e3b05f-43dc-a488-c593-d14d479b9091,1962-05-13,,999-58-7605,S99923886,X25494937X,Mr.,Boyce638,Howard613,Hansen121,,,W,white,nonhispanic,M,Boston  Massachusetts  US,1043 Pagac Mews Unit 5,Leominster,Massachusetts,Worcester County,25027,01420,42.51758657305245,-71.77360610966139,127438.38,85176.74,82489
0bdb38c0-fe9f-f2dd-f7e0-0ba7eddb4738,1962-06-03,,999-32-8956,S99960713,X16309304X,Mr.,Jody426,Dallas143,McGlynn426,,,M,white,nonhispanic,M,Townsend  Massachusetts  US,138 Cormier Ville Apt 33,Wakefield,Massachusetts,Middlesex County,25009,01940,42.54962141329061,-70.99878262643206,466903.21,89646.91,45298
10ecc353-34e9-2ab7-dea9-b7ff6b838b20,2020-08-08,,999-94-6606,,,,Azalee124,Reena181,Ankunding277,,,,white,nonhispanic,F,Braintree  Massachusetts  US,415 Murphy Trafficway,Hatfield,Massachusetts,Hampshire County,25015,01038,42.37267409025927,-72.64125641078637,9687.19,5.33,64825
092055e1-eb28-57d2-d914-ab03727a4ebc,2007-06-18,,999-62-7403,S99996282,,Ms.,Michaela318,Ela754,Von197,,,,white,nonhispanic,F,East Longmeadow  Massachusetts  US,533 Beahan Street Suite 69,Swampscott,Massachusetts,Essex County,25009,01907,42.51010550306242,-70.86927650654239,60036.06,8297.63,134174
a35dfed8-3039-7d94-313c-e27944ec65f7,2020-10-18,,999-83-3569,,,,Leda374,Venetta859,Streich926,,,,other,nonhispanic,F,Belmont  Massachusetts  US,620 Anderson Fork,Walpole,Massachusetts,Norfolk County,25021,02081,42.12983445239011,-71.25802056453313,6647.55,3309.73,77744
a01df3b5-e092-96a4-76ce-8fa15c22dfb1,2024-01-31,,999-55-9227,,,,Theresa98,Rosenda12,Hilpert278,,,,white,nonhispanic,F,Winthrop  Massachusetts  US,741 Pouros Landing,Leominster,Massachusetts,Worcester County,25027,01420,42.53890076096479,-71.82037661607825,6177.88,0.00,61855
ac666eef-e0c1-87b3-b884-fd453ac848a6,1966-03-29,,999-14-9476,S99988654,X87191757X,Mr.,Barney639,Raphael767,Mertz280,,,M,white,hispanic,M,Boston  Massachusetts  US,659 Schaden Branch,Amesbury,Massachusetts,Essex County,25009,01913,42.82380984521306,-70.96574651224945,251000.16,109339.44,148681
1417b6d1-0e62-8a5e-f21c-c5936de60036,1964-01-08,2025-05-26,999-10-6411,S99949511,X43821987X,Mr.,Isaiah615,Christian753,Koelpin146,,,S,white,nonhispanic,M,Franklin  Massachusetts  US,771 Green Approach Suite 43,Boston,Massachusetts,Suffolk County,25025,02126,42.247546800122976,-71.10824493840079,237082.16,165568.88,43098
183aae24-99b3-bade-3f96-2ef5a4631d9c,1990-10-21,,999-79-6322,S99933044,X66194821X,Mrs.,Chanelle850,Loris321,Jerde200,,Nikolaus26,D,white,hispanic,F,Lynn  Massachusetts  US,180 Corkery Ramp Suite 32,Hingham,Massachusetts,Plymouth County,25023,02043,42.266147867847074,-70.8610920190917,10378.87,443895.20,23041
c5dd81ca-1b9c-7562-6203-70d862ef3f33,2009-09-27,,999-65-5716,S99962932,,,Marty115,Charles364,Gleason633,,,,white,nonhispanic,M,Barnstable  Massachusetts  US,596 Tremblay Landing Apt 91,North Andover,Massachusetts,Essex County,,00000,42.63773321638143,-71.04450342601551,398091.49,198266.30,84944
c6111dd2-5730-d2a4-9165-fb5aca475be4,1949-09-17,1989-12-02,999-93-8301,S99978201,X28803720X,Mr.,Darron84,Troy560,Smith67,,,D,black,nonhispanic,M,Fall River  Massachusetts  US,381 Keebler Ramp,Agawam,Massachusetts,Hampden County,25013,01030,42.095995202801035,-72.71607070317481,117260.82,193912.46,76304
922118ba-e9c1-e63d-c63c-1ea0d8e73b40,2009-01-28,,999-30-9686,S99996451,,,Andrew29,Gerard367,Bode78,,,,white,hispanic,M,Boston  Massachusetts  US,161 Hilpert Meadow Apt 54,Duxbury,Massachusetts,Plymouth County,25023,02332,42.06383344260174,-70.67602310375375,10024.43,94301.10,56784
31138316-2dc2-c809-21e4-9f097666a14a,1976-03-07,,999-49-6245,S99941589,X7033413X,Mr.,Timoteo39,César846,Tamayo777,,,M,black,nonhispanic,M,Roseau  Saint George  DM,174 Cremin Port,Springfield,Massachusetts,Hampden County,25013,01108,42.184082729094555,-72.55831857948922,430041.04,198708.61,43218
30ed6975-6196-d44b-7b36-009d81d2c155,1964-01-08,,999-47-4734,S99995044,X50809164X,Mr.,Enoch803,,Bogisich202,,,M,white,nonhispanic,M,Millbury  Massachusetts  US,133 Hayes Terrace Suite 22,Boston,Massachusetts,Suffolk County,25025,02129,42.30801800199774,-71.10971511496516,337726.42,146703.96,43098
b55cd669-99dc-ad42-5ec6-04e96407217f,1969-01-18,,999-78-4687,S99914557,X42705398X,Mrs.,Harriet337,,Fay398,,Cartwright189,D,white,nonhispanic,F,Boston  Massachusetts  US,211 Harris Union,Holyoke,Massachusetts,Hampden County,25013,01040,42.17534441679692,-72.62377332864321,16123.13,1396319.87,2001
99ef04bc-9ae7-7b5c-ce02-5a9943581a8b,1986-03-17,,999-40-4236,S99953137,X49839487X,Mr.,Darryl392,Lorenzo669,Schimmel440,,,W,white,nonhispanic,M,Milford  Massachusetts  US,759 Tromp Crossroad Suite 24,Stoneham,Massachusetts,Middlesex County,25017,02180,42.47218888442746,-71.12927875948527,94313.61,7904.82,36192
a78ed2b6-781f-4b15-5144-72456138adb8,2010-12-14,,999-18-6822,,,,Emilio417,Luis923,Luna60,,,,white,hispanic,M,Mexico City  Mexico City  MX,779 Pagac Course,Lawrence,Massachusetts,Essex County,25009,01841,42.64672873719909,-71.17844730036302,24789.92,29731.34,39095
e0c71b1d-2d27-a932-4d0d-8c1ebd658912,2015-11-12,,999-70-3264,,,,Rae910,Kayleigh718,Bechtelar572,,,,white,nonhispanic,F,Kingston  Massachusetts  US,1005 Smitham Course,Beverly,Massachusetts,Essex County,25009,01915,42.60211253113293,-70.84043952520106,36534.15,5289.79,94782
ddfd836c-36a9-c784-8ce6-ca9862538da3,2012-03-16,,999-70-7097,,,,Mariano761,,Huels583,,,,white,nonhispanic,M,Burlington  Massachusetts  US,525 Wiza Hollow Unit 39,Cambridge,Massachusetts,Middlesex County,25017,02472,42.36752374699129,-71.05975902908786,2650.00,41540.47,9583
f1d449d4-11d9-b3bd-8822-ff860783ce51,1949-09-17,,999-35-1569,S99947898,X87988781X,Mr.,Isaias604,Napoleon578,Abbott774,,,M,black,nonhispanic,M,Boston  Massachusetts  US,1032 Crooks Trafficway,Agawam,Massachusetts,Hampden County,25013,01001,42.02383447309264,-72.6880059347797,1020759.23,977687.86,76304
e43e8a0d-7464-6d49-6699-4dc5c5456ef2,2002-08-31,,999-29-9162,S99913908,X60556425X,Ms.,Carlee848,Lecia978,Hauck852,,,,white,nonhispanic,F,Montgomery  Massachusetts  US,558 Hegmann Alley Suite 91,Worcester,Massachusetts,Worcester County,25027,01606,42.25268246226228,-71.8596232625137,79143.61,7652.60,90696
e4e6d8d7-9db1-bee7-42f0-4e9ac1abd4e0,2018-12-05,,999-68-4357,,,,Hunter736,,Reinger292,,,,white,nonhispanic,M,Shrewsbury  Massachusetts  US,111 Reynolds Estate,Richmond,Massachusetts,Berkshire County,,00000,42.38236432379717,-73.32685869673969,11337.25,0.00,157486
95c62760-a537-9488-77c2-a7444d8dc655,2010-07-25,,999-32-6563,,,,Brynn361,Numbers230,Simonis280,,,,white,nonhispanic,F,Conway  Massachusetts  US,730 Mayer Station Unit 40,Plymouth,Massachusetts,Plymouth County,25023,02360,41.910578044541886,-70.64625287252977,64551.00,354366.36,93247
4f409d5e-b0ca-87b7-8a38-e20ea573e66c,1978-02-09,,999-19-1447,S99974921,X71435607X,Mr.,Chi716,Efrain317,Renner328,,,D,white,hispanic,M,Newton  Massachusetts  US,1012 Goyette Neck,Worcester,Massachusetts,Worcester County,25027,01604,42.257683461283094,-71.80994877358224,136522.22,0.00,69759
41a39ee6-612c-5557-4471-723c44e7b414,1972-12-31,,999-94-6402,S99988645,X88711558X,Ms.,Yolanda648,Graciela518,Riojas420,,,S,black,hispanic,F,Bogota  Bogota  CO,642 Littel Gardens Apt 63,Chicopee,Massachusetts,Hampden County,25013,01022,42.160470205736594,-72.53549433987993,12464.45,568851.07,10877
2a7454d4-6b6d-bb33-d2f7-d4ab886d6012,2013-10-03,,999-20-3704,,,,Wai719,Gretchen912,Baumbach677,,,,white,nonhispanic,F,Springfield  Massachusetts  US,502 Von Fort,Lowell,Massachusetts,Middlesex County,25017,01852,42.69805614533678,-71.3786570313797,41816.24,9781.77,93483
56eef2db-fd4c-8c55-3346-5b9be2ba2e24,1973-04-24,,999-21-6271,S99997828,X52843824X,Mr.,Jarrett354,Davis923,Koch169,,,D,white,nonhispanic,M,Cambridge  Massachusetts  US,1007 VonRueden Camp Suite 70,Oakham,Massachusetts,Worcester County,,00000,42.31570488376485,-71.99666316170399,170683.44,178730.20,23426
059c2ab5-9ea4-872e-63ec-455be9b6956b,1968-01-17,,999-67-6549,S99979528,X81066545X,Mr.,Thad495,,Wilkinson796,,,M,white,nonhispanic,M,Boston  Massachusetts  US,622 Harris Estate Suite 56,Gloucester,Massachusetts,Essex County,25009,01930,42.59853860403401,-70.66642470816335,470914.10,354032.18,45305
473282d3-65db-fb8e-9913-af83bbf2595f,1989-08-05,,999-29-6280,S99925364,X49638298X,Mrs.,Lynne528,Dwana281,Mosciski958,,Prohaska837,M,white,nonhispanic,F,Dedham  Massachusetts  US,211 Gleason Flat Unit 91,Barnstable,Massachusetts,Barnstable County,25001,02668,41.650386129740944,-70.2571082676259,11382.69,420977.14,13191
3f3c4fb3-c95a-58a8-72a7-acc2b0af61f5,1998-03-20,,999-94-6806,S99969813,X71373006X,Mr.,Will178,Edmond919,Kemmer137,,,,white,nonhispanic,M,Dennis  Massachusetts  US,202 Dickinson Haven,Barnstable,Massachusetts,Barnstable County,25001,02675,41.755166539241415,-70.32539115366907,84623.24,22611.70,105385
89fb9e68-041b-6c26-6d4f-d1010eda3c09,1995-04-02,,999-47-6330,S99924956,X3097639X,Mrs.,Griselda377,Taneka590,Windler79,,Harvey63,M,white,nonhispanic,F,Cohasset  Massachusetts  US,450 Abshire Row,Belmont,Massachusetts,Middlesex County,25017,02138,42.42964854041552,-71.20841545227337,204805.62,949166.19,89194
10ee849d-1ca2-9c74-a6a3-1c67d808ab94,1974-03-18,,999-71-2108,S99924421,X68376444X,Mrs.,Dimple273,Alene865,Wehner319,,Jacobson885,M,white,nonhispanic,F,Canton  Massachusetts  US,506 Herman Hollow Unit 45,Greenfield,Massachusetts,Franklin County,25011,01301,42.61857801391528,-72.62590137133004,18070.43,1306282.64,11071
d00420ac-9a07-66dc-ee93-d2e3e9bbf23e,2014-09-29,,999-99-7182,,,,Adriana394,,Almaraz628,,,,white,hispanic,F,Bogota  Bogota  CO,455 Thiel Harbor,Southbridge,Massachusetts,Worcester County,25027,01550,42.06993607262622,-72.00209307425837,36397.68,3278.16,37132
f4159279-94bf-1bfc-701b-502b2a3131b4,1973-01-12,,999-44-7147,S99947130,X28417877X,Ms.,Berna338,Svetlana462,Moore224,,,S,white,nonhispanic,F,Worcester  Massachusetts  US,627 Sporer Branch Apt 52,Yarmouth,Massachusetts,Barnstable County,,00000,41.65070530444361,-70.25644922364978,904375.10,272815.87,54303
3204786e-414f-d3b3-00d7-db5c73e20c74,1969-01-17,,999-70-2241,S99936525,X6804879X,Mrs.,Lisbeth69,Paulita78,Moen819,,McClure239,M,white,nonhispanic,F,Danvers  Massachusetts  US,641 Anderson Glen,Framingham,Massachusetts,Middlesex County,25017,01701,42.25779990327459,-71.46815020738323,845002.97,379285.73,91529
0b71e9a5-5cc8-b4c6-69ec-9ad973817369,1995-03-29,,999-75-9973,S99968111,X68031360X,Mr.,Jamie386,Jonathon205,McLaughlin530,,,M,white,nonhispanic,M,Methuen  Massachusetts  US,835 Howell Meadow,Newton,Massachusetts,Middlesex County,25017,02462,42.3598797291068,-71.18648123521977,72769.96,1176.77,118262
7895d5d9-a8a5-be61-815b-b204a2bba816,1956-02-09,,999-91-7853,S99915213,X11818988X,Mrs.,Keshia89,Angelo118,Moen819,,Hegmann834,D,white,hispanic,F,Northborough  Massachusetts  US,654 Armstrong Gateway Suite 4,Chelmsford,Massachusetts,Middlesex County,,00000,42.64496492863509,-71.35871170297688,275747.22,669085.50,619916
6c2c8853-6848-bef3-71dd-999cb76bf9e8,1976-11-17,,999-45-2300,S99980023,X4426323X,Mrs.,Nicol381,Mitsuko474,Maggio310,,Roberts511,D,white,nonhispanic,F,Southborough  Massachusetts  US,954 Gislason Haven,Billerica,Massachusetts,Middlesex County,,00000,42.53176393608472,-71.29120535644013,231526.93,365821.67,51799
9674049d-58be-b48a-54d7-e16e1b0ccd88,1985-11-09,,999-46-4917,S99911371,X27775748X,Mrs.,Shalonda324,,Brown30,,Streich926,M,white,nonhispanic,F,Malden  Massachusetts  US,700 Sanford Terrace,Cambridge,Massachusetts,Middlesex County,25017,02472,42.355861056034705,-71.14729946975412,12132.29,790455.57,1746
2bdd6aa2-69f7-839e-5924-1d8d6b0f4e1e,2001-07-04,2002-10-16,999-70-1800,,,,Timothy142,Janna498,Nienow652,,,,other,nonhispanic,F,Norton  Massachusetts  US,554 Kihn Bay Apt 86,Weymouth,Massachusetts,Norfolk County,25021,02191,42.17885364977559,-70.95823511964194,571.99,33724.76,27145
9c867408-0359-e6e7-4eb3-19a635685828,1972-02-16,,999-35-4761,S99954953,X65837329X,Mrs.,Arcelia945,Sam879,Wisoky380,,Ankunding277,M,white,nonhispanic,F,Boston  Massachusetts  US,433 Ryan Rue Apt 74,North Reading,Massachusetts,Middlesex County,,00000,42.625308262077866,-71.11070207509047,398318.53,202834.06,84758
65bdc04a-127b-5d3a-8e6c-05c01480fe2c,1976-12-02,,999-25-3390,S99913297,X80441686X,Mr.,Garfield38,Robert854,Paucek755,,,M,white,nonhispanic,M,Lynn  Massachusetts  US,369 Mante Alley,Milford,Massachusetts,Worcester County,25027,01757,42.15116700801759,-71.51396564360417,360040.92,301687.17,87903
92689063-c0d0-ffeb-4f9e-5cf3d74f0d70,2001-07-04,,999-25-1511,S99995745,X66535712X,Ms.,Marcelina712,Karlene380,Trantow673,,,,other,nonhispanic,F,Beverly  Massachusetts  US,576 Prosacco Center Apt 36,Weymouth,Massachusetts,Norfolk County,25021,02188,42.28188441084454,-70.91697581946659,82673.09,76248.30,27145
9c127696-0332-e0c0-c60a-e02bbbd4b4a6,2020-05-17,,999-76-8498,,,,Eddy900,,Mitchell808,,,,asian,nonhispanic,M,Woburn  Massachusetts  US,203 Reilly Spur,Marlborough,Massachusetts,Middlesex County,25017,01752,42.329233112482875,-71.5848068769581,22780.64,3000.84,500497
9be956a7-e9c1-9d7a-02e1-4dc77c9502a2,2000-08-11,,999-78-2979,S99972319,X48879709X,Ms.,Shaniqua618,Ruby458,Block661,,,,white,nonhispanic,F,Chelmsford  Massachusetts  US,490 Spinka Wynd,Winchester,Massachusetts,Middlesex County,25017,01890,42.43146422044173,-71.12658282854404,70613.32,88322.49,54109
0050142f-2f30-0459-4614-3b9cbb082854,2009-04-24,,999-30-3964,S99992464,,,Larissa293,,Pouros728,,,,white,nonhispanic,F,Chelsea  Massachusetts  US,113 Conroy Plaza,Sterling,Massachusetts,Worcester County,,00000,42.49443953656381,-71.81909363575944,32882.53,222.15,171989
edd959a2-e707-37e6-b5ab-3d38620178ae,1946-12-06,2024-09-03,999-11-8029,S99983762,X50473025X,Mrs.,Wynona930,,Schamberger479,,Hayes766,M,white,nonhispanic,F,Milton  Massachusetts  US,456 Eichmann Boulevard,Bridgewater,Massachusetts,Plymouth County,25023,02324,41.99168161068935,-70.94195418440339,219312.20,1031452.65,572488
6564dee7-31b7-cbd3-4382-e6289c750110,1951-06-05,,999-92-9735,S99968746,X61152035X,Mr.,Walker122,Boris111,Yundt842,,,M,white,nonhispanic,M,Natick  Massachusetts  US,434 Gleason Trailer Unit 80,Danvers,Massachusetts,Essex County,25009,01937,42.5618683506266,-70.99019999094192,454856.87,719082.81,37204
44ab43e4-62ce-aa80-de44-b92ce9a116cc,2025-08-23,,999-73-1466,,,,Jill895,Madalene903,Hills818,,,,white,nonhispanic,F,Newton  Massachusetts  US,820 Casper Skyway,Wakefield,Massachusetts,Middlesex County,25017,01880,42.538887907472606,-71.11242841520955,2299.78,0.00,101854
d517a370-d999-537c-13ca-944994fcee40,1973-08-29,,999-99-3390,S99935587,X37778709X,Mr.,Modesto621,David908,Weber641,,,D,asian,nonhispanic,M,Boston  Massachusetts  US,357 Herzog Center Suite 69,Duxbury,Massachusetts,Plymouth County,25023,02332,42.05820155424019,-70.73897391805798,12286.34,234016.55,12994
2584fce2-7e0f-67ef-89e3-5a16032ef318,1991-11-27,,999-93-7830,S99957776,X12243888X,Mr.,Donte636,,Kub800,,,S,hawaiian,nonhispanic,M,Springfield  Massachusetts  US,856 Lemke Center Unit 41,Boston,Massachusetts,Suffolk County,25025,02108,42.24257459572124,-71.12622132266013,6627.14,114580.89,9056
996793f4-da0e-1a4c-f462-c2088fd44567,2001-03-08,,999-76-1792,S99948600,X73606268X,Ms.,Suzanna632,,Douglas31,,,,asian,nonhispanic,F,Hull  Massachusetts  US,556 Labadie Glen Apt 94,Quincy,Massachusetts,Norfolk County,25021,02186,42.24508053375547,-71.00943969504293,131946.44,236515.30,150532
198ed260-8fe4-533c-f85c-a24b73f88197,1946-12-06,,999-73-7447,S99969604,X74524833X,Mrs.,Inell560,,Weber641,,Swaniawski813,M,white,nonhispanic,F,Boston  Massachusetts  US,121 Reinger Crossroad,Bridgewater,Massachusetts,Plymouth County,25023,02324,41.99472270402732,-71.00046705462884,314340.96,747082.87,572488
bdfed7c9-255f-2e09-25e8-7880f3a77ffd,1966-08-28,,999-53-8058,S99962598,X12771397X,Mrs.,Nakesha793,,Williamson769,,Bartell116,D,asian,nonhispanic,F,Tokyo  Tokyo  JP,794 Ward Gardens Apt 71,Boston,Massachusetts,Suffolk County,25025,02118,42.384068839921596,-71.01704050382163,20491.70,1546455.41,1097
5fe4c4ba-9ea7-a5e2-94fe-bbf78b0a0e76,2005-09-02,,999-74-9103,S99926458,X88383635X,Ms.,Carmelita854,Gigi364,Schumm995,,,,white,nonhispanic,F,Townsend  Massachusetts  US,1050 Wilkinson Avenue Apt 63,Needham,Massachusetts,Norfolk County,25021,02494,42.28693869645455,-71.29242333951765,53929.69,12986.16,29462
0c1a1859-29c7-4f11-f21c-20a7099e8613,1996-12-21,,999-14-3434,S99952006,X33182162X,Mrs.,Adela471,Danica886,Schmitt836,,Abernathy524,M,black,nonhispanic,F,North Adams  Massachusetts  US,1093 Anderson Ferry,Boston,Massachusetts,Suffolk County,25025,02163,42.35095464985867,-70.99325149923789,116209.11,347004.34,98044
7e3953cc-6c45-92b8-3b7d-23a9e50091d7,1974-03-13,,999-75-7042,S99968540,X17273628X,Mr.,Nathan164,Micah422,Krajcik437,,,S,white,nonhispanic,M,Mashpee  Massachusetts  US,781 McLaughlin Plaza Unit 73,Brockton,Massachusetts,Plymouth County,25023,02302,42.0663885703696,-71.00606726400655,165706.58,19387.29,132475
c5b8dccb-7c63-b080-398a-c11d043bf9cb,1963-05-01,,999-37-2894,S99944884,X67234254X,Mr.,Gonzalo160,Andrés117,Puga7,,,M,white,hispanic,M,Santiago  Santiago Province  CL,367 McGlynn Terrace Apt 71,Chelsea,Massachusetts,Suffolk County,25025,02151,42.367720756832085,-71.0294901852925,183475.82,9064.62,83284
78f6f5c0-702d-7524-d723-0e99f1af7493,1996-01-12,,999-90-3845,S99983011,X26273161X,Mr.,Bob965,Luis923,Kuphal363,,,M,white,nonhispanic,M,Southbridge  Massachusetts  US,724 Bernhard Crossroad,Williamstown,Massachusetts,Berkshire County,25003,01267,42.701903281227686,-73.24222127504432,9139.18,107855.33,19061
4556f3e0-f7d4-c302-394f-c251a8468454,2003-01-30,,999-65-7556,S99954288,X76317095X,Ms.,Hee424,Dayle885,Russel238,,,,white,nonhispanic,F,Nantucket  Massachusetts  US,1032 Carter Forge Suite 55,Leicester,Massachusetts,Worcester County,,00000,42.20869577177966,-71.92693208490388,34191.58,756033.70,64442
37d3ed20-71a3-ea45-58f4-c257cbc9baa4,2003-03-20,,999-28-3528,S99929898,X39858691X,Mr.,Noel608,Berry486,O'Connell601,,,,white,nonhispanic,M,Saugus  Massachusetts  US,867 Witting Loaf Apt 3,North Reading,Massachusetts,Middlesex County,,00000,42.60805979617669,-71.1266220825273,53532.63,28418.47,34951
3a3cfc60-f3b9-d9a0-1dbd-67f0cf8947e2,1995-06-28,,999-97-4086,S99941418,X88587029X,Mrs.,Gaynell126,Eliz744,Ritchie586,,Leannon79,M,white,nonhispanic,F,Quincy  Massachusetts  US,330 Dooley Lane,Stoneham,Massachusetts,Middlesex County,25017,02180,42.50608647812152,-71.05294653352495,670456.26,376688.78,95140
09cb2fb8-8a9d-f75f-135e-8bb95d9f446f,1961-10-25,2003-03-01,999-81-4256,S99939598,X80517144X,Mr.,Jean712,,Koss676,,,M,white,nonhispanic,M,Danvers  Massachusetts  US,620 Schaefer Common,Taunton,Massachusetts,Bristol County,25005,02780,41.87951935307017,-71.09646549464026,175624.69,47099.58,36916
6b949035-5840-c84c-6094-66835062858a,2002-08-26,,999-63-6466,S99947834,X17172745X,Mr.,Arden380,Brad867,Johnson679,,,,white,nonhispanic,M,Avon  Massachusetts  US,743 Boyle Village Apt 14,Acton,Massachusetts,Middlesex County,,00000,42.44938137367236,-71.48541364090677,123499.87,700469.18,853259
e6ccf48c-3e81-913d-b524-b51238580947,1980-05-15,,999-33-4715,S99919854,X71849635X,Ms.,Tomoko463,Danika134,Bergstrom287,,,S,white,nonhispanic,F,West Springfield  Massachusetts  US,810 Heidenreich Esplanade,Nantucket,Massachusetts,Nantucket County,25019,02554,41.267451381835556,-70.05342483409439,347408.49,549947.96,60920
9a5ecccf-e4ae-658f-a8ae-177811f90535,1943-04-29,1995-09-23,999-57-1012,S99910634,X24897578X,Mr.,Lemuel304,Leigh689,Conroy74,,,D,white,nonhispanic,M,Springfield  Massachusetts  US,932 Maggio Heights,Lowell,Massachusetts,Middlesex County,25017,01851,42.63305869306196,-71.31830384869644,319086.63,55719.76,52676
37bd4d32-a844-0fa7-a797-ef09c605d25b,1961-10-25,,999-40-3404,S99938833,X6754734X,Mr.,Luigi346,Jimmy858,Haley279,,,W,white,nonhispanic,M,Westwood  Massachusetts  US,847 Bernhard Trafficway Apt 19,Taunton,Massachusetts,Bristol County,25005,02718,41.889566159339374,-71.1135334327534,211613.35,26839.55,36916
844f3814-39df-ab0a-66d0-99e02201f020,1990-04-26,2019-06-26,999-95-2743,S99972448,X83099345X,Mrs.,Summer593,Albert312,Champlin946,,Gerhold939,M,white,nonhispanic,F,Barnstable  Massachusetts  US,815 Treutel Route Unit 24,Williamstown,Massachusetts,Berkshire County,25003,01267,42.69677272728173,-73.27575056941612,80720.04,569101.36,148216
7d48af86-e871-440c-2f8e-df97e369cf35,1958-07-18,2021-02-16,999-34-8890,S99946603,X28264392X,Mrs.,Lorette239,Michell380,Gaylord332,,Herzog843,D,black,nonhispanic,F,Hanson  Massachusetts  US,867 Murazik Route Suite 27,Cambridge,Massachusetts,Middlesex County,25017,02138,42.36247608606197,-71.1243597409009,568487.51,198692.74,45885
6919a375-be76-b0e5-c19b-f0de53601b7b,1990-04-26,,999-14-1463,S99910808,X81477792X,Mrs.,Karolyn830,Raquel318,DuBuque211,,Harvey63,M,white,nonhispanic,F,Watertown  Massachusetts  US,833 Glover Way,Williamstown,Massachusetts,Berkshire County,25003,01267,42.647787131582206,-73.2781654462024,269644.49,543038.48,148216
c43bd496-8a2c-0077-2788-c3a5b83f8373,1919-01-08,,999-40-6834,S99938884,X14943125X,Mrs.,Nadine465,Anglea614,Botsford977,,Kris249,M,white,hispanic,F,Needham  Massachusetts  US,491 Nienow Ranch,Lynn,Massachusetts,Essex County,25009,01906,42.57586365747945,-71.04536863665018,378076.21,1527420.55,27278
7cc6906f-b761-e388-2d83-92ebd39fb4c3,1958-07-18,,999-21-2583,S99986979,X39790126X,Mrs.,Erinn548,Geraldine667,Abshire638,,Green467,W,black,nonhispanic,F,Foxborough  Massachusetts  US,115 Rempel Drive,Cambridge,Massachusetts,Middlesex County,25017,02138,42.35820357457658,-71.12034226751962,439153.95,1234856.25,45885
84ce846c-5d7b-841f-3edc-fc49ee0b32c9,1948-11-08,2020-07-25,999-70-8789,S99996078,X53082833X,Mrs.,Olene159,,Schinner682,,Dach178,D,white,nonhispanic,F,Ashland  Massachusetts  US,508 Mitchell Ramp,Brookline,Massachusetts,Norfolk County,25025,02215,42.29743317735517,-71.10889825446316,95380.39,593129.88,175275
a45c5e62-4fc4-e756-248a-d796108c0072,2002-01-08,,999-44-3145,S99981641,X31724414X,Ms.,Denese626,Lean294,Weissnat378,,,,native,nonhispanic,F,Swansea  Massachusetts  US,198 Goodwin Vale Apt 83,Lynn,Massachusetts,Essex County,25009,01904,42.46311361554723,-71.0083304208679,120618.04,135467.96,166441
81242324-2d94-ddf3-a684-d58a75c06ee6,1958-07-21,2002-05-21,999-80-7368,S99956268,X61223909X,Mr.,Diego848,Gavin481,Brakus656,,,D,white,nonhispanic,M,New Bedford  Massachusetts  US,917 Breitenberg Grove Apt 23,Winchester,Massachusetts,Middlesex County,25017,01890,42.444449133584,-71.11923009194393,163138.55,0.00,81150
fe69dbde-87d4-044b-bd63-090d9d5b9dd4,1951-09-05,,999-64-1036,S99979594,X64436636X,Mrs.,Claribel706,Bennie663,Reichert620,,Hodkiewicz467,M,white,nonhispanic,F,North Andover  Massachusetts  US,124 Sipes Crossroad Suite 34,Plymouth,Massachusetts,Plymouth County,25023,02360,41.89796750067038,-70.66004178149755,29426.70,1698833.60,22453
10756f0a-1b93-ad7a-b8d2-55d1f495394a,2014-12-21,,999-55-6251,,,,Ermelinda113,Arnetta705,Weber641,,,,asian,nonhispanic,F,Somerville  Massachusetts  US,845 Stamm Drive,Belmont,Massachusetts,Middlesex County,25017,02138,42.40093440268691,-71.1629416421323,1948.39,28202.08,23901
fea51c36-faca-d976-bde4-e2dc25983e62,1958-07-21,,999-40-5362,S99970378,X51409504X,Mr.,Gerry91,,Robel940,,,D,white,nonhispanic,M,Ludlow  Massachusetts  US,330 Boehm Annex Apt 83,Winchester,Massachusetts,Middlesex County,25017,01890,42.46718636363282,-71.12069104178069,159347.82,58747.71,81150
c1c3c100-de6b-30c7-e7f1-82441577277d,1998-03-12,,999-68-7709,S99931172,X52819627X,Ms.,Carolee951,Verena947,Miller503,,,,black,nonhispanic,F,Weymouth  Massachusetts  US,147 Powlowski Row,Dudley,Massachusetts,Worcester County,,00000,42.06019715303086,-71.93566696426753,101992.75,156819.46,58816
51e0b3fa-ad85-c245-eb58-4d9205c2b723,2002-05-18,,999-11-9868,S99961687,X38865038X,Mr.,Lonny638,Antwan357,McClure239,,,,white,nonhispanic,M,Somerset  Massachusetts  US,643 Grant Parade Suite 56,Milford,Massachusetts,Worcester County,25027,01757,42.19948784461783,-71.56395570184304,58411.68,19783.09,35936
f5f7ffea-7532-6a7d-f94a-e1aabe6664c8,1953-01-28,,999-53-9481,S99975613,X32030172X,Mr.,Dominic463,Broderick767,Mills423,,,M,white,nonhispanic,M,Quincy  Massachusetts  US,682 Gleason Wall Suite 49,Falmouth,Massachusetts,Barnstable County,25001,02540,41.592836462910824,-70.62391479015464,123835.96,169367.76,25258
b9e40030-d70d-d517-fdda-2037abdb5a80,1983-12-09,2021-03-14,999-81-2505,S99987394,X45931653X,Ms.,Ashley34,Irma773,Haley279,,,S,white,nonhispanic,F,Franklin  Massachusetts  US,1012 Simonis Branch Apt 67,Nantucket,Massachusetts,Nantucket County,25019,02554,41.3245033996549,-70.1137277585217,129990.25,709232.52,33583
44df6c54-b461-d375-f129-fe249c18874d,1973-09-19,,999-69-9737,S99976200,X8692419X,Mr.,Pierre431,Yong583,Russel238,,,M,black,hispanic,M,Worcester  Massachusetts  US,182 Thompson View Unit 40,Boston,Massachusetts,Suffolk County,25025,02163,42.33834447830819,-71.0853089233738,9130.15,132744.93,17804
ab27141b-099a-744e-4a5f-727f4802bdf9,1967-04-26,,999-32-1325,S99995816,X75627306X,Mr.,Boyd728,Brad867,Johnston597,,,D,white,nonhispanic,M,Blackstone  Massachusetts  US,158 Streich Flat,Salem,Massachusetts,Essex County,25009,01970,42.478182880489165,-70.9108759930694,159251.89,3317.58,57220
48c74e27-bd62-c80e-c9dd-472f8adbeb72,1983-12-09,,999-60-2589,S99948882,X87939924X,Mrs.,Lucy743,Henrietta324,Towne435,,Padberg411,M,white,nonhispanic,F,Millville  Massachusetts  US,546 Donnelly Lock Unit 8,Nantucket,Massachusetts,Nantucket County,25019,02554,41.252394748473975,-70.12517279718101,224319.13,902427.45,33583
44593be7-a0fd-4ae2-f0d4-2c0ee1590ec1,2025-11-05,,999-97-2851,,,,Jermaine675,Mckinley734,Swift555,,,,white,nonhispanic,M,Boston  Massachusetts  US,805 Daugherty Throughway,Worcester,Massachusetts,Worcester County,25027,01605,42.20317856664162,-71.80577212425656,100.00,247.38,29503
258041a6-bcb2-807e-65ee-c3e45e908d0b,2025-04-14,,999-90-1378,,,,Amado512,Russell422,Raynor401,,,,white,nonhispanic,M,Framingham  Massachusetts  US,865 Senger Orchard,Rockland,Massachusetts,Plymouth County,,00000,42.158061922978526,-70.95719527093672,3511.39,0.00,68665
7903c561-622b-88bd-253b-d85e39177398,1943-04-29,,999-52-2506,S99916725,X48482512X,Mr.,Clark193,Willie882,Jakubowski832,,,M,white,nonhispanic,M,Lawrence  Massachusetts  US,200 Gulgowski Wall Apt 93,Lowell,Massachusetts,Middlesex County,25017,01854,42.61594411273314,-71.38099810664536,356860.06,789989.36,52676
4c2d9aad-d8ba-71c0-b588-c8599aaa218a,1965-12-25,,999-96-4225,S99959962,X59735991X,Mr.,Rich940,Dee580,Streich926,,,M,white,nonhispanic,M,Dracut  Massachusetts  US,279 Leannon Common,Waltham,Massachusetts,Middlesex County,25017,02451,42.36852944104644,-71.20868715886064,137055.74,40335.23,715340
3bd657bd-51e4-a89d-300c-cc4238af6f1c,1994-09-19,,999-27-3320,S99952880,X38101385X,Mrs.,Annemarie794,Layne115,Langosh790,,DuBuque211,M,white,nonhispanic,F,Malden  Massachusetts  US,306 Simonis Meadow,Newton,Massachusetts,Middlesex County,25017,02468,42.32495869625431,-71.2369504925499,143038.45,294672.36,336698
b4b75040-9460-1b1b-ad10-089a9ed69e9f,1986-02-01,,999-74-1123,S99973716,X31043407X,Mr.,Cordell41,Zachary28,Cruickshank494,,,M,white,nonhispanic,M,Wilmington  Massachusetts  US,469 Kuphal Course Suite 49,Dedham,Massachusetts,Norfolk County,25021,02090,42.291661644939715,-71.22528674127416,102822.85,11057.66,131914
a336e5c5-db17-7bad-7a45-cf800df9a138,1979-11-03,,999-98-3895,S99950478,X27413482X,Mr.,Carmelo33,Billie243,Waters156,,,M,white,nonhispanic,M,West Tisbury  Massachusetts  US,766 Dach Station,Hull,Massachusetts,Plymouth County,25023,02045,42.320238658604026,-70.9641674137989,49448.77,85538.17,25467
3988f353-3849-69a1-2780-a5c23bd44909,1961-01-07,,999-35-6097,S99950708,X8269624X,Mr.,Wally311,Bernie827,Bayer639,,,S,white,nonhispanic,M,Lexington  Massachusetts  US,639 Gerlach Trafficway Unit 6,Malden,Massachusetts,Middlesex County,25017,02148,42.452232464189876,-71.07421658124228,151925.80,39357.34,53439
a1579aac-7782-f39d-d83d-4ff73c13b648,2002-04-27,,999-26-1752,S99971393,X17297701X,Mr.,Stanton715,Rodger755,Goyette777,,,,asian,nonhispanic,M,Macau  Macao Special Administrative Region of the People's Republic of China  CN,563 Deckow Flat Apt 55,Walpole,Massachusetts,Norfolk County,25021,02081,42.10502556934728,-71.22469067189671,65897.97,14865.66,68394
e1ee6dac-97ca-bff4-293f-fcf24bdec47e,1924-02-28,1961-12-02,999-13-8485,S99961282,X27829253X,Mr.,Juan88,Alberto639,Guerra754,,,S,white,hispanic,M,Roseau  Saint George  DM,724 Lang Vista,Northborough,Massachusetts,Worcester County,25027,01532,42.28487033954834,-71.66087443733589,126476.87,0.00,117621
09e0d4ef-ac2d-fc4e-865f-676ec335c5bd,1974-01-11,,999-96-7131,S99951812,X70310696X,Mrs.,Geri861,Eula461,Cole117,,Fay398,M,white,nonhispanic,F,Milford  Massachusetts  US,171 Kilback Boulevard Apt 4,Smith Mills,Massachusetts,Bristol County,,00000,41.623205941002574,-70.95889034602178,358374.20,873212.05,123994
d1dd5867-a35a-7737-c619-35ab92616b9d,1996-04-04,,999-64-4846,S99963599,X32612050X,Mrs.,Kum811,,D'Amore443,,Hamill307,M,white,nonhispanic,F,Littleton  Massachusetts  US,754 Ullrich Dale Suite 64,Pepperell,Massachusetts,Middlesex County,25017,01463,42.69600776925241,-71.58569907077852,96433.45,938834.51,150524
6ea8365d-e53f-2d4b-23b4-8eb3d83bd2cb,1997-07-19,,999-52-5603,S99988426,X48887729X,Mr.,Harry448,,Koelpin146,,,M,white,nonhispanic,M,Boston  Massachusetts  US,758 Kirlin Light Unit 36,Clinton,Massachusetts,Worcester County,25027,01510,42.404968318373854,-71.71451618484598,85066.57,7128.27,195949
5f0b80f3-7971-e95c-0fce-d80ffcbf4602,1924-02-28,1988-01-05,999-32-9833,S99985715,X81489407X,Mr.,José María211,,Adame662,,,M,white,hispanic,M,Guatemala City  Guatemala  GT,641 Bayer Ferry Suite 13,Northborough,Massachusetts,Worcester County,25027,01532,42.314536427227786,-71.59943429808301,211646.80,200118.73,117621
fb1c17bf-f36f-ff24-5a5d-227fd01e447d,1998-09-02,,999-88-2823,S99968008,X11344703X,Ms.,Jodi410,Myrna889,Ullrich385,,,,white,nonhispanic,F,Pinehurst  Massachusetts  US,632 Paucek Frontage road,Natick,Massachusetts,Middlesex County,,00000,42.32439511753496,-71.39433791042788,131001.82,233136.49,949690
55087eb9-d0fe-bcab-4b86-5b8ea0c45077,1948-11-08,,999-19-3272,S99974333,X43569875X,Mrs.,Lorriane838,Illa976,Lebsack687,,Bins636,M,white,nonhispanic,F,New Bedford  Massachusetts  US,977 Will Ferry Suite 60,Brookline,Massachusetts,Norfolk County,25017,02467,42.31497693895116,-71.11476087033657,430297.15,1914586.90,175275
b234c860-7fc5-7f36-df31-9ac6744ea35b,1953-05-06,,999-46-2383,S99994699,X45787641X,Mr.,Jordan900,Brent147,Pfeffer420,,,D,asian,nonhispanic,M,Haiphong  Kiến An  VN,917 Ratke Frontage road Unit 88,South Hadley,Massachusetts,Hampshire County,,00000,42.29481239412117,-72.56025979426208,226749.32,58973.45,56689
708dc0ad-1d3d-353b-e4d9-62e0bec08b92,1999-11-27,,999-73-6817,S99995965,X32577574X,Ms.,Oliva247,Hermina428,Ruecker817,,,,white,nonhispanic,F,Quincy  Massachusetts  US,981 Smith Fork,Webster,Massachusetts,Worcester County,25027,01570,42.05624767712929,-71.88258861634363,141644.75,216200.20,73823
814b53c4-d5e3-2db5-4842-e419e56b54c8,1924-02-28,1983-01-19,999-25-6632,S99971113,X44429201X,Mr.,Sancho742,Guillermo498,Berríos934,,,M,white,hispanic,M,Juarez  Chihuahua  MX,905 Armstrong Street,Northborough,Massachusetts,Worcester County,25027,01532,42.30402168117502,-71.62461371183869,266620.01,0.00,117621
96dce072-0178-f305-3c8b-946ab1dd155f,1977-12-11,,999-32-5251,S99972167,X61053982X,Mr.,Ernesto186,Abdul218,Eichmann909,,,D,white,nonhispanic,M,South Yarmouth  Massachusetts  US,658 Prosacco Park,Whitman,Massachusetts,Plymouth County,,00000,42.09926976177957,-70.93486209261006,97044.35,8374.22,82831
fb55f2b6-37d3-8403-c1fd-0e2f1330470e,2010-04-25,,999-78-5520,,,,Claude750,Kareem959,Rau926,,,,white,nonhispanic,M,Boston  Massachusetts  US,510 Gaylord Arcade Apt 34,Worcester,Massachusetts,Worcester County,25027,01605,42.2940392674013,-71.77475877903166,8879.48,420647.73,14468
fb62c08e-8900-5fb2-8a98-af95f64125ff,1968-06-17,,999-43-8722,S99945461,X78889649X,Mr.,Alfonzo975,Shirley182,Casper496,,,M,white,hispanic,M,Westford  Massachusetts  US,852 Haley Corner,Nantucket,Massachusetts,Nantucket County,25019,02554,41.276937579295364,-70.13447231378284,198085.67,1203593.62,28534
e0bbc4a9-b889-3f6e-b75c-09c2c396045b,2014-10-09,,999-18-4079,,,,Eric487,Van763,McCullough561,,,,white,nonhispanic,M,Boston  Massachusetts  US,556 Yost Wynd,Pittsfield,Massachusetts,Berkshire County,25003,01201,42.4450400348944,-73.21879677468388,1528.51,25578.38,14432
399c2cef-f4a7-a47d-449b-c08738a8bb77,1964-03-11,2008-10-19,999-23-9562,S99967353,X24732318X,Mr.,Austin578,Lincoln623,McLaughlin530,,,M,white,nonhispanic,M,Shrewsbury  Massachusetts  US,636 Ruecker Manor Apt 70,East Harwich,Massachusetts,Barnstable County,25001,02645,41.731651488862084,-70.05690666925634,7565.98,138371.87,14052
0bdd1a87-dca8-5164-8ec6-28cc7b17cfb9,1987-09-22,,999-91-1162,S99972899,X75248575X,Mr.,Willis868,Reyes140,Torphy630,,,D,white,nonhispanic,M,Nantucket  Massachusetts  US,1003 Ferry Orchard Suite 2,Yarmouth,Massachusetts,Barnstable County,,00000,41.65310507637975,-70.26142000972929,100153.99,9542.73,71552
f4a26937-3b08-9317-bd34-2259165b8cc0,2019-12-05,,999-28-9773,,,,Leland44,Claude750,Trantow673,,,,white,nonhispanic,M,North Pembroke  Massachusetts  US,225 Jacobi Bridge,Springfield,Massachusetts,Hampden County,25013,01128,42.153889050776655,-72.54757236288698,23741.25,0.00,68780
ce16264b-b955-e2a2-bd49-5ce02cc20d7c,2007-02-09,,999-77-4017,S99964069,,Ms.,Chris95,Vasiliki884,Thiel172,,,,white,nonhispanic,F,Clarksburg  Massachusetts  US,993 Blick Trailer Apt 8,Boston,Massachusetts,Suffolk County,25025,02135,42.379592921892275,-71.01972252152268,65876.69,12279.88,93844
08de722f-94f0-95a7-5054-b121c3c45b99,1964-03-11,,999-96-3976,S99961941,X25312462X,Mr.,Isaac321,Fritz267,Emmerich580,,,W,white,nonhispanic,M,Newton  Massachusetts  US,340 Quitzon Camp Unit 47,East Harwich,Massachusetts,Barnstable County,25001,02645,41.66535692002464,-70.09925585830341,11971.80,269751.60,14052
6547940c-38ea-67f0-54d1-d132440c8cc9,1924-02-28,,999-26-7895,S99981164,X74095394X,Mr.,Agustín529,José3,Rivas297,,,D,white,hispanic,M,Havana  Havana  CU,368 Bruen Burg,Northborough,Massachusetts,Worcester County,25027,01532,42.28656961165309,-71.60011176090481,272538.30,1108606.66,117621
